"date","forecastmonth","forecastyear","newmoonnumber","currency","model","level","species","estimate","LowerPI","UpperPI","fit_start_newmoon","fit_end_newmoon","initial_newmoon"
"2018-06-11",6,2018,507,"abundance","ESSS","All","BA",4.07381854674161e-24,-4.48678922854818,4.48678922854818,217,506,506
"2018-06-11",7,2018,508,"abundance","ESSS","All","BA",4.07381854674161e-24,-6.02299723715587,6.02299723715587,217,506,506
"2018-06-11",8,2018,509,"abundance","ESSS","All","BA",4.07381854674161e-24,-7.24028410051419,7.24028410051419,217,506,506
"2018-06-11",9,2018,510,"abundance","ESSS","All","BA",4.07381854674161e-24,-8.28051520097209,8.28051520097209,217,506,506
"2018-06-11",10,2018,511,"abundance","ESSS","All","BA",4.07381854674161e-24,-9.20392036747934,9.20392036747934,217,506,506
"2018-06-11",11,2018,512,"abundance","ESSS","All","BA",4.07381854674161e-24,-10.0427769201687,10.0427769201687,217,506,506
"2018-06-11",12,2018,513,"abundance","ESSS","All","BA",4.07381854674161e-24,-10.8167733823744,10.8167733823744,217,506,506
"2018-06-11",1,2019,514,"abundance","ESSS","All","BA",4.07381854674161e-24,-11.5389689549376,11.5389689549376,217,506,506
"2018-06-11",2,2019,515,"abundance","ESSS","All","BA",4.07381854674161e-24,-12.2185523970881,12.2185523970881,217,506,506
"2018-06-11",3,2019,516,"abundance","ESSS","All","BA",4.07381854674161e-24,-12.8622797675123,12.8622797675123,217,506,506
"2018-06-11",4,2019,517,"abundance","ESSS","All","BA",4.07381854674161e-24,-13.4752906816561,13.4752906816561,217,506,506
"2018-06-11",5,2019,518,"abundance","ESSS","All","BA",4.07381854674161e-24,-14.0616029346764,14.0616029346764,217,506,506
"2018-06-11",6,2018,507,"abundance","ESSS","All","DM",31.6827432483271,20.3214788509755,43.0440076456787,217,506,506
"2018-06-11",7,2018,508,"abundance","ESSS","All","DM",32.0756020406302,18.4920808493715,45.6591232318889,217,506,506
"2018-06-11",8,2018,509,"abundance","ESSS","All","DM",32.4684608329333,16.8930962573147,48.043825408552,217,506,506
"2018-06-11",9,2018,510,"abundance","ESSS","All","DM",32.8613196252364,15.4429925265335,50.2796467239393,217,506,506
"2018-06-11",10,2018,511,"abundance","ESSS","All","DM",33.2541784175395,14.0966110148233,52.4117458202557,217,506,506
"2018-06-11",11,2018,512,"abundance","ESSS","All","DM",33.6470372098426,12.8259251584431,54.4681492612421,217,506,506
"2018-06-11",12,2018,513,"abundance","ESSS","All","DM",34.0398960021457,11.6121670927692,56.4676249115223,217,506,506
"2018-06-11",1,2019,514,"abundance","ESSS","All","DM",34.4327547944488,10.4420613165355,58.4234482723622,217,506,506
"2018-06-11",2,2019,515,"abundance","ESSS","All","DM",34.8256135867519,9.30581885530899,60.3454083181949,217,506,506
"2018-06-11",3,2019,516,"abundance","ESSS","All","DM",35.218472379055,8.19598127690148,62.2409634812086,217,506,506
"2018-06-11",4,2019,517,"abundance","ESSS","All","DM",35.6113311713581,7.10671276491751,64.1159495777988,217,506,506
"2018-06-11",5,2019,518,"abundance","ESSS","All","DM",36.0041899636613,6.03334512525399,65.9750348020685,217,506,506
"2018-06-11",6,2018,507,"abundance","ESSS","All","DO",2.93725771037114,-5.00011193034722,10.8746273510895,217,506,506
"2018-06-11",7,2018,508,"abundance","ESSS","All","DO",2.93725771037114,-7.97515966887591,13.8496750896182,217,506,506
"2018-06-11",8,2018,509,"abundance","ESSS","All","DO",2.93725771037114,-10.2975399573074,16.1720553780497,217,506,506
"2018-06-11",9,2018,510,"abundance","ESSS","All","DO",2.93725771037114,-12.2692831701146,18.1437985908569,217,506,506
"2018-06-11",10,2018,511,"abundance","ESSS","All","DO",2.93725771037114,-14.0131966137872,19.8877120345295,217,506,506
"2018-06-11",11,2018,512,"abundance","ESSS","All","DO",2.93725771037114,-15.5937141486781,21.4682295694204,217,506,506
"2018-06-11",12,2018,513,"abundance","ESSS","All","DO",2.93725771037114,-17.0496363526485,22.9241517733908,217,506,506
"2018-06-11",1,2019,514,"abundance","ESSS","All","DO",2.93725771037114,-18.4064755744098,24.2809909951521,217,506,506
"2018-06-11",2,2019,515,"abundance","ESSS","All","DO",2.93725771037114,-19.6820695735549,25.5565849942972,217,506,506
"2018-06-11",3,2019,516,"abundance","ESSS","All","DO",2.93725771037114,-20.8894706219631,26.7639860427053,217,506,506
"2018-06-11",4,2019,517,"abundance","ESSS","All","DO",2.93725771037114,-22.0385705895742,27.9130860103165,217,506,506
"2018-06-11",5,2019,518,"abundance","ESSS","All","DO",2.93725771037114,-23.1370786285244,29.0115940492667,217,506,506
"2018-06-11",6,2018,507,"abundance","ESSS","All","DS",0.999911524401439,0.343508388611633,1.65631466019124,217,506,506
"2018-06-11",7,2018,508,"abundance","ESSS","All","DS",0.999911524401439,0.203257437359019,1.79656561144386,217,506,506
"2018-06-11",8,2018,509,"abundance","ESSS","All","DS",0.999911524401439,0.084242156054931,1.91558089274795,217,506,506
"2018-06-11",9,2018,510,"abundance","ESSS","All","DS",0.999911524401439,-0.0209915316498172,2.02081458045269,217,506,506
"2018-06-11",10,2018,511,"abundance","ESSS","All","DS",0.999911524401439,-0.116348171001694,2.11617121980457,217,506,506
"2018-06-11",11,2018,512,"abundance","ESSS","All","DS",0.999911524401439,-0.204176663942005,2.20399971274488,217,506,506
"2018-06-11",12,2018,513,"abundance","ESSS","All","DS",0.999911524401439,-0.286020442319545,2.28584349112242,217,506,506
"2018-06-11",1,2019,514,"abundance","ESSS","All","DS",0.999911524401439,-0.362958124817297,2.36278117362017,217,506,506
"2018-06-11",2,2019,515,"abundance","ESSS","All","DS",0.999911524401439,-0.435778671458483,2.43560172026136,217,506,506
"2018-06-11",3,2019,516,"abundance","ESSS","All","DS",0.999911524401439,-0.505079836442537,2.50490288524541,217,506,506
"2018-06-11",4,2019,517,"abundance","ESSS","All","DS",0.999911524401439,-0.571327367028411,2.57115041583129,217,506,506
"2018-06-11",5,2019,518,"abundance","ESSS","All","DS",0.999911524401439,-0.63489253470424,2.63471558350712,217,506,506
"2018-06-11",6,2018,507,"abundance","ESSS","All","NA",1.55355875926888,-1.06009980322448,4.16721732176225,217,506,506
"2018-06-11",7,2018,508,"abundance","ESSS","All","NA",1.55355875926888,-1.29046268628601,4.39758020482378,217,506,506
"2018-06-11",8,2018,509,"abundance","ESSS","All","NA",1.55355875926888,-1.50351580381549,4.61063332235326,217,506,506
"2018-06-11",9,2018,510,"abundance","ESSS","All","NA",1.55355875926888,-1.70265864528795,4.80977616382572,217,506,506
"2018-06-11",10,2018,511,"abundance","ESSS","All","NA",1.55355875926888,-1.89030515895148,4.99742267748925,217,506,506
"2018-06-11",11,2018,512,"abundance","ESSS","All","NA",1.55355875926888,-2.0682426693991,5.17536018793687,217,506,506
"2018-06-11",12,2018,513,"abundance","ESSS","All","NA",1.55355875926888,-2.23783840934624,5.34495592788401,217,506,506
"2018-06-11",1,2019,514,"abundance","ESSS","All","NA",1.55355875926888,-2.40016598983342,5.50728350837119,217,506,506
"2018-06-11",2,2019,515,"abundance","ESSS","All","NA",1.55355875926888,-2.55608675989033,5.6632042784281,217,506,506
"2018-06-11",3,2019,516,"abundance","ESSS","All","NA",1.55355875926888,-2.70630428954228,5.81342180808005,217,506,506
"2018-06-11",4,2019,517,"abundance","ESSS","All","NA",1.55355875926888,-2.85140209142072,5.95851960995849,217,506,506
"2018-06-11",5,2019,518,"abundance","ESSS","All","NA",1.55355875926888,-2.99187048312279,6.09898800166056,217,506,506
"2018-06-11",6,2018,507,"abundance","ESSS","All","OL",0.207853195189224,-2.7231960373141,3.13890242769255,217,506,506
"2018-06-11",7,2018,508,"abundance","ESSS","All","OL",0.207853195189224,-3.37887644573674,3.79458283611518,217,506,506
"2018-06-11",8,2018,509,"abundance","ESSS","All","OL",0.207853195189224,-3.93197885826843,4.34768524864688,217,506,506
"2018-06-11",9,2018,510,"abundance","ESSS","All","OL",0.207853195189224,-4.41943427638351,4.83514066676196,217,506,506
"2018-06-11",10,2018,511,"abundance","ESSS","All","OL",0.207853195189224,-4.86022033015673,5.27592672053518,217,506,506
"2018-06-11",11,2018,512,"abundance","ESSS","All","OL",0.207853195189224,-5.26562368628667,5.68133007666512,217,506,506
"2018-06-11",12,2018,513,"abundance","ESSS","All","OL",0.207853195189224,-5.64300392883882,6.05871031921727,217,506,506
"2018-06-11",1,2019,514,"abundance","ESSS","All","OL",0.207853195189224,-5.9974758854904,6.41318227586885,217,506,506
"2018-06-11",2,2019,515,"abundance","ESSS","All","OL",0.207853195189224,-6.33276519402038,6.74847158439883,217,506,506
"2018-06-11",3,2019,516,"abundance","ESSS","All","OL",0.207853195189224,-6.65168533353159,7.06739172391004,217,506,506
"2018-06-11",4,2019,517,"abundance","ESSS","All","OL",0.207853195189224,-6.9564226747605,7.37212906513895,217,506,506
"2018-06-11",5,2019,518,"abundance","ESSS","All","OL",0.207853195189224,-7.24871630120002,7.66442269157846,217,506,506
"2018-06-11",6,2018,507,"abundance","ESSS","All","OT",11.0002980065989,2.41706810310677,19.583527910091,217,506,506
"2018-06-11",7,2018,508,"abundance","ESSS","All","OT",11.0002980065989,-1.07847312473029,23.079069137928,217,506,506
"2018-06-11",8,2018,509,"abundance","ESSS","All","OT",11.0002980065989,-3.76864198616502,25.7692379993627,217,506,506
"2018-06-11",9,2018,510,"abundance","ESSS","All","OT",11.0002980065989,-6.03925788481715,28.0398538980149,217,506,506
"2018-06-11",10,2018,511,"abundance","ESSS","All","OT",11.0002980065989,-8.04100818398376,30.0416041971815,217,506,506
"2018-06-11",11,2018,512,"abundance","ESSS","All","OT",11.0002980065989,-9.85146973405923,31.852065747257,217,506,506
"2018-06-11",12,2018,513,"abundance","ESSS","All","OT",11.0002980065989,-11.5168309040145,33.5174269172122,217,506,506
"2018-06-11",1,2019,514,"abundance","ESSS","All","OT",11.0002980065989,-13.0672313814378,35.0678273946355,217,506,506
"2018-06-11",2,2019,515,"abundance","ESSS","All","OT",11.0002980065989,-14.5236289504906,36.5242249636883,217,506,506
"2018-06-11",3,2019,516,"abundance","ESSS","All","OT",11.0002980065989,-15.9012953249804,37.9018913381781,217,506,506
"2018-06-11",4,2019,517,"abundance","ESSS","All","OT",11.0002980065989,-17.2117667927826,39.2123628059803,217,506,506
"2018-06-11",5,2019,518,"abundance","ESSS","All","OT",11.0002980065989,-18.4640105159395,40.4646065291372,217,506,506
"2018-06-11",6,2018,507,"abundance","ESSS","All","PB",2.00010003869575,-19.0040137235488,23.0042138009403,217,506,506
"2018-06-11",7,2018,508,"abundance","ESSS","All","PB",2.00010003869575,-27.7027172024359,31.7029172798274,217,506,506
"2018-06-11",8,2018,509,"abundance","ESSS","All","PB",2.00010003869575,-34.377666648978,38.3778667263695,217,506,506
"2018-06-11",9,2018,510,"abundance","ESSS","All","PB",2.00010003869575,-40.0049766343158,44.0051767117074,217,506,506
"2018-06-11",10,2018,511,"abundance","ESSS","All","PB",2.00010003869575,-44.9627685217781,48.9629685991696,217,506,506
"2018-06-11",11,2018,512,"abundance","ESSS","All","PB",2.00010003869575,-49.4449733945408,53.4451734719323,217,506,506
"2018-06-11",12,2018,513,"abundance","ESSS","All","PB",2.00010003869575,-53.5667978203161,57.5669978977076,217,506,506
"2018-06-11",1,2019,514,"abundance","ESSS","All","PB",2.00010003869575,-57.4033063854868,61.4035064628783,217,506,506
"2018-06-11",2,2019,515,"abundance","ESSS","All","PB",2.00010003869575,-61.0066396953944,65.0068397727859,217,506,506
"2018-06-11",3,2019,516,"abundance","ESSS","All","PB",2.00010003869575,-64.414761318098,68.4149613954895,217,506,506
"2018-06-11",4,2019,517,"abundance","ESSS","All","PB",2.00010003869575,-67.6563308644512,71.6565309418427,217,506,506
"2018-06-11",5,2019,518,"abundance","ESSS","All","PB",2.00010003869575,-70.7536141158933,74.7538141932848,217,506,506
"2018-06-11",6,2018,507,"abundance","ESSS","All","PE",3.62678313681622,-1.98533624513184,9.23890251876427,217,506,506
"2018-06-11",7,2018,508,"abundance","ESSS","All","PE",3.62678313681622,-3.74025689300188,10.9938231666343,217,506,506
"2018-06-11",8,2018,509,"abundance","ESSS","All","PE",3.62678313681622,-5.15106817456104,12.4046344481935,217,506,506
"2018-06-11",9,2018,510,"abundance","ESSS","All","PE",3.62678313681622,-6.36461658936593,13.6181828629984,217,506,506
"2018-06-11",10,2018,511,"abundance","ESSS","All","PE",3.62678313681622,-7.44595199647663,14.6995182701091,217,506,506
"2018-06-11",11,2018,512,"abundance","ESSS","All","PE",3.62678313681622,-8.43069828244224,15.6842645560747,217,506,506
"2018-06-11",12,2018,513,"abundance","ESSS","All","PE",3.62678313681622,-9.34087868093135,16.5944449545638,217,506,506
"2018-06-11",1,2019,514,"abundance","ESSS","All","PE",3.62678313681622,-10.1912358189956,17.444802092628,217,506,506
"2018-06-11",2,2019,515,"abundance","ESSS","All","PE",3.62678313681622,-10.9922128173141,18.2457790909465,217,506,506
"2018-06-11",3,2019,516,"abundance","ESSS","All","PE",3.62678313681622,-11.7515274840089,19.0050937576414,217,506,506
"2018-06-11",4,2019,517,"abundance","ESSS","All","PE",3.62678313681622,-12.4750749048599,19.7286411784923,217,506,506
"2018-06-11",5,2019,518,"abundance","ESSS","All","PE",3.62678313681622,-13.1674785986098,20.4210448722422,217,506,506
"2018-06-11",6,2018,507,"abundance","ESSS","All","PF",5.40753015609705e-08,-6.99475650876991,6.99475661692051,217,506,506
"2018-06-11",7,2018,508,"abundance","ESSS","All","PF",5.40753015609705e-08,-8.87668776463251,8.87668787278311,217,506,506
"2018-06-11",8,2018,509,"abundance","ESSS","All","PF",5.40753015609705e-08,-10.4242291206947,10.4242292288453,217,506,506
"2018-06-11",9,2018,510,"abundance","ESSS","All","PF",5.40753015609705e-08,-11.7700263327029,11.7700264408535,217,506,506
"2018-06-11",10,2018,511,"abundance","ESSS","All","PF",5.40753015609705e-08,-12.9769983817258,12.9769984898764,217,506,506
"2018-06-11",11,2018,512,"abundance","ESSS","All","PF",5.40753015609705e-08,-14.0808896784705,14.0808897866211,217,506,506
"2018-06-11",12,2018,513,"abundance","ESSS","All","PF",5.40753015609705e-08,-15.1043179681806,15.1043180763312,217,506,506
"2018-06-11",1,2019,514,"abundance","ESSS","All","PF",5.40753015609705e-08,-16.0626706508471,16.0626707589977,217,506,506
"2018-06-11",2,2019,515,"abundance","ESSS","All","PF",5.40753015609705e-08,-16.9669783873592,16.9669784955098,217,506,506
"2018-06-11",3,2019,516,"abundance","ESSS","All","PF",5.40753015609705e-08,-17.8254683742559,17.8254684824065,217,506,506
"2018-06-11",4,2019,517,"abundance","ESSS","All","PF",5.40753015609705e-08,-18.6444707602643,18.6444708684149,217,506,506
"2018-06-11",5,2019,518,"abundance","ESSS","All","PF",5.40753015609705e-08,-19.4289798266104,19.428979934761,217,506,506
"2018-06-11",6,2018,507,"abundance","ESSS","All","PH",0.00895512209062558,-0.402146211103429,0.42005645528468,217,506,506
"2018-06-11",7,2018,508,"abundance","ESSS","All","PH",0.00895512209062558,-0.454986077055452,0.472896321236704,217,506,506
"2018-06-11",8,2018,509,"abundance","ESSS","All","PH",0.00895512209062558,-0.502394627470546,0.520304871651797,217,506,506
"2018-06-11",9,2018,510,"abundance","ESSS","All","PH",0.00895512209062558,-0.545766156109016,0.563676400290268,217,506,506
"2018-06-11",10,2018,511,"abundance","ESSS","All","PH",0.00895512209062558,-0.585984224900828,0.603894469082079,217,506,506
"2018-06-11",11,2018,512,"abundance","ESSS","All","PH",0.00895512209062558,-0.623650566083128,0.641560810264379,217,506,506
"2018-06-11",12,2018,513,"abundance","ESSS","All","PH",0.00895512209062558,-0.659196871710905,0.677107115892156,217,506,506
"2018-06-11",1,2019,514,"abundance","ESSS","All","PH",0.00895512209062558,-0.692945310258673,0.710855554439924,217,506,506
"2018-06-11",2,2019,515,"abundance","ESSS","All","PH",0.00895512209062558,-0.725143881479945,0.743054125661196,217,506,506
"2018-06-11",3,2019,516,"abundance","ESSS","All","PH",0.00895512209062558,-0.755988324939595,0.773898569120846,217,506,506
"2018-06-11",4,2019,517,"abundance","ESSS","All","PH",0.00895512209062558,-0.785636349840485,0.803546594021736,217,506,506
"2018-06-11",5,2019,518,"abundance","ESSS","All","PH",0.00895512209062558,-0.81421723979771,0.832127483978961,217,506,506
"2018-06-11",6,2018,507,"abundance","ESSS","All","PL",0.000158558938048227,-1.58969976696092,1.59001688483701,217,506,506
"2018-06-11",7,2018,508,"abundance","ESSS","All","PL",0.000158558938048227,-2.0619502511936,2.0622673690697,217,506,506
"2018-06-11",8,2018,509,"abundance","ESSS","All","PL",0.000158558938048227,-2.44461873014472,2.44493584802082,217,506,506
"2018-06-11",9,2018,510,"abundance","ESSS","All","PL",0.000158558938048227,-2.77501337116056,2.77533048903665,217,506,506
"2018-06-11",10,2018,511,"abundance","ESSS","All","PL",0.000158558938048227,-3.07005682275743,3.07037394063353,217,506,506
"2018-06-11",11,2018,512,"abundance","ESSS","All","PL",0.000158558938048227,-3.33913264405576,3.33944976193186,217,506,506
"2018-06-11",12,2018,513,"abundance","ESSS","All","PL",0.000158558938048227,-3.5880873895421,3.58840450741819,217,506,506
"2018-06-11",1,2019,514,"abundance","ESSS","All","PL",0.000158558938048227,-3.82085599680189,3.82117311467799,217,506,506
"2018-06-11",2,2019,515,"abundance","ESSS","All","PL",0.000158558938048227,-4.0402369023465,4.0405540202226,217,506,506
"2018-06-11",3,2019,516,"abundance","ESSS","All","PL",0.000158558938048227,-4.24830454340392,4.24862166128001,217,506,506
"2018-06-11",4,2019,517,"abundance","ESSS","All","PL",0.000158558938048227,-4.44664725876452,4.44696437664062,217,506,506
"2018-06-11",5,2019,518,"abundance","ESSS","All","PL",0.000158558938048227,-4.63651322465261,4.6368303425287,217,506,506
"2018-06-11",6,2018,507,"abundance","ESSS","All","PM",1.05599403015449e-08,-4.00333337939401,4.00333340051389,217,506,506
"2018-06-11",7,2018,508,"abundance","ESSS","All","PM",1.05599403015449e-08,-5.66127747585972,5.6612774969796,217,506,506
"2018-06-11",8,2018,509,"abundance","ESSS","All","PM",1.05599403015449e-08,-6.93350179771588,6.93350181883576,217,506,506
"2018-06-11",9,2018,510,"abundance","ESSS","All","PM",1.05599403015449e-08,-8.00604969403758,8.00604971515746,217,506,506
"2018-06-11",10,2018,511,"abundance","ESSS","All","PM",1.05599403015449e-08,-8.95098967883241,8.95098969995229,217,506,506
"2018-06-11",11,2018,512,"abundance","ESSS","All","PM",1.05599403015449e-08,-9.80528432834273,9.80528434946262,217,506,506
"2018-06-11",12,2018,513,"abundance","ESSS","All","PM",1.05599403015449e-08,-10.5908916192252,10.590891640345,217,506,506
"2018-06-11",1,2019,514,"abundance","ESSS","All","PM",1.05599403015449e-08,-11.32211861013,11.3221186312499,217,506,506
"2018-06-11",2,2019,515,"abundance","ESSS","All","PM",1.05599403015449e-08,-12.0089031286987,12.0089031498186,217,506,506
"2018-06-11",3,2019,516,"abundance","ESSS","All","PM",1.05599403015449e-08,-12.658480907592,12.6584809287119,217,506,506
"2018-06-11",4,2019,517,"abundance","ESSS","All","PM",1.05599403015449e-08,-13.2763143764354,13.2763143975553,217,506,506
"2018-06-11",5,2019,518,"abundance","ESSS","All","PM",1.05599403015449e-08,-13.8666473221396,13.8666473432594,217,506,506
"2018-06-11",6,2018,507,"abundance","ESSS","All","PP",88.9961967762033,40.8581661498471,137.134227402559,217,506,506
"2018-06-11",7,2018,508,"abundance","ESSS","All","PP",88.9961967762033,20.9221474225724,157.070246129834,217,506,506
"2018-06-11",8,2018,509,"abundance","ESSS","All","PP",88.9961967762033,5.62424466869214,172.368148883714,217,506,506
"2018-06-11",9,2018,510,"abundance","ESSS","All","PP",88.9961967762033,-7.27263826937984,185.265031821786,217,506,506
"2018-06-11",10,2018,511,"abundance","ESSS","All","PP",88.9961967762033,-18.6350942308745,196.627487783281,217,506,506
"2018-06-11",11,2018,512,"abundance","ESSS","All","PP",88.9961967762033,-28.9075818174737,206.89997536988,217,506,506
"2018-06-11",12,2018,513,"abundance","ESSS","All","PP",88.9961967762033,-38.3541358086918,216.346529361098,217,506,506
"2018-06-11",1,2019,514,"abundance","ESSS","All","PP",88.9961967762033,-47.1467920711844,225.139185623591,217,506,506
"2018-06-11",2,2019,515,"abundance","ESSS","All","PP",88.9961967762033,-55.4050484231249,233.397441975531,217,506,506
"2018-06-11",3,2019,516,"abundance","ESSS","All","PP",88.9961967762033,-63.2159112110822,241.208304763489,217,506,506
"2018-06-11",4,2019,517,"abundance","ESSS","All","PP",88.9961967762033,-70.6450636195654,248.637457171972,217,506,506
"2018-06-11",5,2019,518,"abundance","ESSS","All","PP",88.9961967762033,-77.7435352122049,255.735928764611,217,506,506
"2018-06-11",6,2018,507,"abundance","ESSS","All","RF",0.0805941260748286,-0.153697541711685,0.314885793861342,217,506,506
"2018-06-11",7,2018,508,"abundance","ESSS","All","RF",0.0805941260748286,-0.15383394090643,0.315022193056087,217,506,506
"2018-06-11",8,2018,509,"abundance","ESSS","All","RF",0.0805941260748286,-0.153970260785055,0.315158512934712,217,506,506
"2018-06-11",9,2018,510,"abundance","ESSS","All","RF",0.0805941260748286,-0.154106501485765,0.315294753635423,217,506,506
"2018-06-11",10,2018,511,"abundance","ESSS","All","RF",0.0805941260748286,-0.154242663146367,0.315430915296024,217,506,506
"2018-06-11",11,2018,512,"abundance","ESSS","All","RF",0.0805941260748286,-0.154378745904265,0.315566998053923,217,506,506
"2018-06-11",12,2018,513,"abundance","ESSS","All","RF",0.0805941260748286,-0.15451474989647,0.315703002046127,217,506,506
"2018-06-11",1,2019,514,"abundance","ESSS","All","RF",0.0805941260748286,-0.154650675259592,0.315838927409249,217,506,506
"2018-06-11",2,2019,515,"abundance","ESSS","All","RF",0.0805941260748286,-0.154786522129849,0.315974774279507,217,506,506
"2018-06-11",3,2019,516,"abundance","ESSS","All","RF",0.0805941260748286,-0.154922290643068,0.316110542792725,217,506,506
"2018-06-11",4,2019,517,"abundance","ESSS","All","RF",0.0805941260748286,-0.155057980934681,0.316246233084339,217,506,506
"2018-06-11",5,2019,518,"abundance","ESSS","All","RF",0.0805941260748286,-0.155193593139733,0.31638184528939,217,506,506
"2018-06-11",6,2018,507,"abundance","ESSS","All","RM",1.00380613557915e-20,-9.53820767426291,9.53820767426291,217,506,506
"2018-06-11",7,2018,508,"abundance","ESSS","All","RM",1.00380613557915e-20,-13.4883877047967,13.4883877047967,217,506,506
"2018-06-11",8,2018,509,"abundance","ESSS","All","RM",1.00380613557915e-20,-16.5195581088737,16.5195581088737,217,506,506
"2018-06-11",9,2018,510,"abundance","ESSS","All","RM",1.00380613557915e-20,-19.0749835478304,19.0749835478304,217,506,506
"2018-06-11",10,2018,511,"abundance","ESSS","All","RM",1.00380613557915e-20,-21.3263732169242,21.3263732169242,217,506,506
"2018-06-11",11,2018,512,"abundance","ESSS","All","RM",1.00380613557915e-20,-23.3617934205635,23.3617934205635,217,506,506
"2018-06-11",12,2018,513,"abundance","ESSS","All","RM",1.00380613557915e-20,-25.2335607686,25.2335607686,217,506,506
"2018-06-11",1,2019,514,"abundance","ESSS","All","RM",1.00380613557915e-20,-26.975762941948,26.975762941948,217,506,506
"2018-06-11",2,2019,515,"abundance","ESSS","All","RM",1.00380613557915e-20,-28.6120775816388,28.6120775816388,217,506,506
"2018-06-11",3,2019,516,"abundance","ESSS","All","RM",1.00380613557915e-20,-30.1597443751644,30.1597443751644,217,506,506
"2018-06-11",4,2019,517,"abundance","ESSS","All","RM",1.00380613557915e-20,-31.6317779774202,31.6317779774202,217,506,506
"2018-06-11",5,2019,518,"abundance","ESSS","All","RM",1.00380613557915e-20,-33.038289532758,33.038289532758,217,506,506
"2018-06-11",6,2018,507,"abundance","ESSS","All","RO",1.02000799631814e-48,-1.50154282658057,1.50154282658057,217,506,506
"2018-06-11",7,2018,508,"abundance","ESSS","All","RO",1.02000799631814e-48,-2.12339588107239,2.12339588107239,217,506,506
"2018-06-11",8,2018,509,"abundance","ESSS","All","RO",1.02000799631814e-48,-2.60057479712752,2.60057479712752,217,506,506
"2018-06-11",9,2018,510,"abundance","ESSS","All","RO",1.02000799631814e-48,-3.00286005054422,3.00286005054422,217,506,506
"2018-06-11",10,2018,511,"abundance","ESSS","All","RO",1.02000799631814e-48,-3.35728278386764,3.35728278386764,217,506,506
"2018-06-11",11,2018,512,"abundance","ESSS","All","RO",1.02000799631814e-48,-3.67770674450175,3.67770674450175,217,506,506
"2018-06-11",12,2018,513,"abundance","ESSS","All","RO",1.02000799631814e-48,-3.97236782111794,3.97236782111794,217,506,506
"2018-06-11",1,2019,514,"abundance","ESSS","All","RO",1.02000799631814e-48,-4.24663223201079,4.24663223201079,217,506,506
"2018-06-11",2,2019,515,"abundance","ESSS","All","RO",1.02000799631814e-48,-4.50422740563269,4.50422740563269,217,506,506
"2018-06-11",3,2019,516,"abundance","ESSS","All","RO",1.02000799631814e-48,-4.74786728219652,4.74786728219652,217,506,506
"2018-06-11",4,2019,517,"abundance","ESSS","All","RO",1.02000799631814e-48,-4.9796006804815,4.9796006804815,217,506,506
"2018-06-11",5,2019,518,"abundance","ESSS","All","RO",1.02000799631814e-48,-5.20101933708686,5.20101933708686,217,506,506
"2018-06-11",6,2018,507,"abundance","ESSS","All","SF",3.54630408872698e-14,-3.32222243811547,3.32222243811554,217,506,506
"2018-06-11",7,2018,508,"abundance","ESSS","All","SF",3.54630408872698e-14,-4.13155409499596,4.13155409499603,217,506,506
"2018-06-11",8,2018,509,"abundance","ESSS","All","SF",3.54630408872698e-14,-4.80648692408894,4.80648692408901,217,506,506
"2018-06-11",9,2018,510,"abundance","ESSS","All","SF",3.54630408872698e-14,-5.39767485710264,5.39767485710271,217,506,506
"2018-06-11",10,2018,511,"abundance","ESSS","All","SF",3.54630408872698e-14,-5.93021678984487,5.93021678984494,217,506,506
"2018-06-11",11,2018,512,"abundance","ESSS","All","SF",3.54630408872698e-14,-6.41872639128028,6.41872639128035,217,506,506
"2018-06-11",12,2018,513,"abundance","ESSS","All","SF",3.54630408872698e-14,-6.87259963897782,6.87259963897789,217,506,506
"2018-06-11",1,2019,514,"abundance","ESSS","All","SF",3.54630408872698e-14,-7.29830138520177,7.29830138520184,217,506,506
"2018-06-11",2,2019,515,"abundance","ESSS","All","SF",3.54630408872698e-14,-7.7005052055562,7.70050520555627,217,506,506
"2018-06-11",3,2019,516,"abundance","ESSS","All","SF",3.54630408872698e-14,-8.08271969898487,8.08271969898495,217,506,506
"2018-06-11",4,2019,517,"abundance","ESSS","All","SF",3.54630408872698e-14,-8.44765855393778,8.44765855393785,217,506,506
"2018-06-11",5,2019,518,"abundance","ESSS","All","SF",3.54630408872698e-14,-8.797471929792,8.79747192979207,217,506,506
"2018-06-11",6,2018,507,"abundance","ESSS","All","SH",1.06969641829163e-28,-3.45411282706967,3.45411282706967,217,506,506
"2018-06-11",7,2018,508,"abundance","ESSS","All","SH",1.06969641829163e-28,-4.88460660383507,4.88460660383507,217,506,506
"2018-06-11",8,2018,509,"abundance","ESSS","All","SH",1.06969641829163e-28,-5.98229620850817,5.98229620850817,217,506,506
"2018-06-11",9,2018,510,"abundance","ESSS","All","SH",1.06969641829163e-28,-6.90770252532876,6.90770252532876,217,506,506
"2018-06-11",10,2018,511,"abundance","ESSS","All","SH",1.06969641829163e-28,-7.72300721419677,7.72300721419677,217,506,506
"2018-06-11",11,2018,512,"abundance","ESSS","All","SH",1.06969641829163e-28,-8.46010204918577,8.46010204918577,217,506,506
"2018-06-11",12,2018,513,"abundance","ESSS","All","SH",1.06969641829163e-28,-9.13793264008547,9.13793264008547,217,506,506
"2018-06-11",1,2019,514,"abundance","ESSS","All","SH",1.06969641829163e-28,-9.76884328806852,9.76884328806852,217,506,506
"2018-06-11",2,2019,515,"abundance","ESSS","All","SH",1.06969641829163e-28,-10.3614084679132,10.3614084679132,217,506,506
"2018-06-11",3,2019,516,"abundance","ESSS","All","SH",1.06969641829163e-28,-10.9218712540959,10.9218712540959,217,506,506
"2018-06-11",4,2019,517,"abundance","ESSS","All","SH",1.06969641829163e-28,-11.4549446940239,11.4549446940239,217,506,506
"2018-06-11",5,2019,518,"abundance","ESSS","All","SH",1.06969641829163e-28,-11.9642903757494,11.9642903757494,217,506,506
"2018-06-11",6,2018,507,"abundance","ESSS","All","SO",0.0103134413717441,-0.279971000508769,0.300597883252257,217,506,506
"2018-06-11",7,2018,508,"abundance","ESSS","All","SO",0.0103134413717441,-0.279971001960257,0.300597884703745,217,506,506
"2018-06-11",8,2018,509,"abundance","ESSS","All","SO",0.0103134413717441,-0.279971003411745,0.300597886155233,217,506,506
"2018-06-11",9,2018,510,"abundance","ESSS","All","SO",0.0103134413717441,-0.279971004863233,0.300597887606721,217,506,506
"2018-06-11",10,2018,511,"abundance","ESSS","All","SO",0.0103134413717441,-0.279971006314721,0.300597889058209,217,506,506
"2018-06-11",11,2018,512,"abundance","ESSS","All","SO",0.0103134413717441,-0.279971007766209,0.300597890509697,217,506,506
"2018-06-11",12,2018,513,"abundance","ESSS","All","SO",0.0103134413717441,-0.279971009217697,0.300597891961185,217,506,506
"2018-06-11",1,2019,514,"abundance","ESSS","All","SO",0.0103134413717441,-0.279971010669185,0.300597893412673,217,506,506
"2018-06-11",2,2019,515,"abundance","ESSS","All","SO",0.0103134413717441,-0.279971012120673,0.300597894864161,217,506,506
"2018-06-11",3,2019,516,"abundance","ESSS","All","SO",0.0103134413717441,-0.279971013572161,0.300597896315649,217,506,506
"2018-06-11",4,2019,517,"abundance","ESSS","All","SO",0.0103134413717441,-0.279971015023649,0.300597897767137,217,506,506
"2018-06-11",5,2019,518,"abundance","ESSS","All","SO",0.0103134413717441,-0.279971016475137,0.300597899218625,217,506,506
"2018-06-11",6,2018,507,"abundance","ESSS","All","total",138.01134170017,84.873690803647,191.148992596694,217,506,506
"2018-06-11",7,2018,508,"abundance","ESSS","All","total",143.215935528062,66.3211176452003,220.110753410924,217,506,506
"2018-06-11",8,2018,509,"abundance","ESSS","All","total",148.420529355954,51.4648165617049,245.376242150202,217,506,506
"2018-06-11",9,2018,510,"abundance","ESSS","All","total",153.625123183845,38.2233381761253,269.026908191565,217,506,506
"2018-06-11",10,2018,511,"abundance","ESSS","All","total",158.829717011737,25.7985098191805,291.860924204292,217,506,506
"2018-06-11",11,2018,512,"abundance","ESSS","All","total",164.034310839628,13.7860310246497,314.282590654606,217,506,506
"2018-06-11",12,2018,513,"abundance","ESSS","All","total",169.23890466752,1.94783284609269,336.529976488946,217,506,506
"2018-06-11",1,2019,514,"abundance","ESSS","All","total",174.443498495411,-9.8707700635085,358.757767054331,217,506,506
"2018-06-11",2,2019,515,"abundance","ESSS","All","total",179.648092323303,-21.7777403895938,381.073925036199,217,506,506
"2018-06-11",3,2019,516,"abundance","ESSS","All","total",184.852686151194,-33.8527574194733,403.558129721861,217,506,506
"2018-06-11",4,2019,517,"abundance","ESSS","All","total",190.057279979086,-46.1573800839189,426.27194004209,217,506,506
"2018-06-11",5,2019,518,"abundance","ESSS","All","total",195.261873806977,-58.7410492467941,449.264796860748,217,506,506
"2018-06-11",6,2018,507,"abundance","ESSS","Controls","BA",1.50533018029714e-09,-1.04108663869714,1.0410866417078,217,506,506
"2018-06-11",7,2018,508,"abundance","ESSS","Controls","BA",1.50533018029714e-09,-1.17603960735732,1.17603961036798,217,506,506
"2018-06-11",8,2018,509,"abundance","ESSS","Controls","BA",1.50533018029714e-09,-1.29702618590168,1.29702618891234,217,506,506
"2018-06-11",9,2018,510,"abundance","ESSS","Controls","BA",1.50533018029714e-09,-1.40765219276188,1.40765219577254,217,506,506
"2018-06-11",10,2018,511,"abundance","ESSS","Controls","BA",1.50533018029714e-09,-1.51019616761676,1.51019617062742,217,506,506
"2018-06-11",11,2018,512,"abundance","ESSS","Controls","BA",1.50533018029714e-09,-1.60620678419718,1.60620678720784,217,506,506
"2018-06-11",12,2018,513,"abundance","ESSS","Controls","BA",1.50533018029714e-09,-1.69679344722157,1.69679345023223,217,506,506
"2018-06-11",1,2019,514,"abundance","ESSS","Controls","BA",1.50533018029714e-09,-1.78278315324128,1.78278315625194,217,506,506
"2018-06-11",2,2019,515,"abundance","ESSS","Controls","BA",1.50533018029714e-09,-1.86481193165415,1.86481193466481,217,506,506
"2018-06-11",3,2019,516,"abundance","ESSS","Controls","BA",1.50533018029714e-09,-1.94338141120288,1.94338141421354,217,506,506
"2018-06-11",4,2019,517,"abundance","ESSS","Controls","BA",1.50533018029714e-09,-2.01889550952675,2.01889551253741,217,506,506
"2018-06-11",5,2019,518,"abundance","ESSS","Controls","BA",1.50533018029714e-09,-2.09168516927713,2.09168517228779,217,506,506
"2018-06-11",6,2018,507,"abundance","ESSS","Controls","DM",9.93081482102273,3.76549707243772,16.0961325696077,217,506,506
"2018-06-11",7,2018,508,"abundance","ESSS","Controls","DM",9.93081482102273,2.36246029536217,17.4991693466833,217,506,506
"2018-06-11",8,2018,509,"abundance","ESSS","Controls","DM",9.93081482102273,1.18159556950343,18.680034072542,217,506,506
"2018-06-11",9,2018,510,"abundance","ESSS","Controls","DM",9.93081482102273,0.142164005091796,19.7194656369537,217,506,506
"2018-06-11",10,2018,511,"abundance","ESSS","Controls","DM",9.93081482102273,-0.797024294162336,20.6586539362078,217,506,506
"2018-06-11",11,2018,512,"abundance","ESSS","Controls","DM",9.93081482102273,-1.66036196851698,21.5219916105624,217,506,506
"2018-06-11",12,2018,513,"abundance","ESSS","Controls","DM",9.93081482102273,-2.4637092380702,22.3253388801156,217,506,506
"2018-06-11",1,2019,514,"abundance","ESSS","Controls","DM",9.93081482102273,-3.21806626964436,23.0796959116898,217,506,506
"2018-06-11",2,2019,515,"abundance","ESSS","Controls","DM",9.93081482102273,-3.93143323697897,23.7930628790244,217,506,506
"2018-06-11",3,2019,516,"abundance","ESSS","Controls","DM",9.93081482102273,-4.609844328639,24.4714739706844,217,506,506
"2018-06-11",4,2019,517,"abundance","ESSS","Controls","DM",9.93081482102273,-5.25798420298541,25.1196138450309,217,506,506
"2018-06-11",5,2019,518,"abundance","ESSS","Controls","DM",9.93081482102273,-5.87957616328819,25.7412058053336,217,506,506
"2018-06-11",6,2018,507,"abundance","ESSS","Controls","DO",0.945868350244429,-2.27217013324207,4.16390683373093,217,506,506
"2018-06-11",7,2018,508,"abundance","ESSS","Controls","DO",0.945868350244429,-3.10746529846222,4.99920199895107,217,506,506
"2018-06-11",8,2018,509,"abundance","ESSS","Controls","DO",0.945868350244429,-3.79789130368778,5.68962800417663,217,506,506
"2018-06-11",9,2018,510,"abundance","ESSS","Controls","DO",0.945868350244429,-4.39987740136146,6.29161410185032,217,506,506
"2018-06-11",10,2018,511,"abundance","ESSS","Controls","DO",0.945868350244429,-4.94061953535849,6.83235623584735,217,506,506
"2018-06-11",11,2018,512,"abundance","ESSS","Controls","DO",0.945868350244429,-5.43570524988645,7.3274419503753,217,506,506
"2018-06-11",12,2018,513,"abundance","ESSS","Controls","DO",0.945868350244429,-5.89505436532727,7.78679106581612,217,506,506
"2018-06-11",1,2019,514,"abundance","ESSS","Controls","DO",0.945868350244429,-6.32544278234798,8.21717948283684,217,506,506
"2018-06-11",2,2019,515,"abundance","ESSS","Controls","DO",0.945868350244429,-6.73174244827224,8.6234791487611,217,506,506
"2018-06-11",3,2019,516,"abundance","ESSS","Controls","DO",0.945868350244429,-7.11759551834438,9.00933221883324,217,506,506
"2018-06-11",4,2019,517,"abundance","ESSS","Controls","DO",0.945868350244429,-7.48580951045297,9.37754621094183,217,506,506
"2018-06-11",5,2019,518,"abundance","ESSS","Controls","DO",0.945868350244429,-7.83860280817553,9.73033950866439,217,506,506
"2018-06-11",6,2018,507,"abundance","ESSS","Controls","DS",0.97698278366647,0.496779174159561,1.45718639317338,217,506,506
"2018-06-11",7,2018,508,"abundance","ESSS","Controls","DS",0.97698278366647,0.46586320942216,1.48810235791078,217,506,506
"2018-06-11",8,2018,509,"abundance","ESSS","Controls","DS",0.97698278366647,0.436713469557381,1.51725209777556,217,506,506
"2018-06-11",9,2018,510,"abundance","ESSS","Controls","DS",0.97698278366647,0.40905792564375,1.54490764168919,217,506,506
"2018-06-11",10,2018,511,"abundance","ESSS","Controls","DS",0.97698278366647,0.382687943580889,1.57127762375205,217,506,506
"2018-06-11",11,2018,512,"abundance","ESSS","Controls","DS",0.97698278366647,0.357439347300167,1.59652622003277,217,506,506
"2018-06-11",12,2018,513,"abundance","ESSS","Controls","DS",0.97698278366647,0.333180188038906,1.62078537929403,217,506,506
"2018-06-11",1,2019,514,"abundance","ESSS","Controls","DS",0.97698278366647,0.309802527117306,1.64416304021563,217,506,506
"2018-06-11",2,2019,515,"abundance","ESSS","Controls","DS",0.97698278366647,0.287216731065134,1.66674883626781,217,506,506
"2018-06-11",3,2019,516,"abundance","ESSS","Controls","DS",0.97698278366647,0.265347399559236,1.6886181677737,217,506,506
"2018-06-11",4,2019,517,"abundance","ESSS","Controls","DS",0.97698278366647,0.244130388906331,1.70983517842661,217,506,506
"2018-06-11",5,2019,518,"abundance","ESSS","Controls","DS",0.97698278366647,0.223510591015745,1.73045497631719,217,506,506
"2018-06-11",6,2018,507,"abundance","ESSS","Controls","NA",0.0019351300186714,-0.593762251763393,0.597632511800736,217,506,506
"2018-06-11",7,2018,508,"abundance","ESSS","Controls","NA",0.0019351300186714,-0.635624382576977,0.63949464261432,217,506,506
"2018-06-11",8,2018,509,"abundance","ESSS","Controls","NA",0.0019351300186714,-0.674902290297607,0.67877255033495,217,506,506
"2018-06-11",9,2018,510,"abundance","ESSS","Controls","NA",0.0019351300186714,-0.712022610313057,0.7158928703504,217,506,506
"2018-06-11",10,2018,511,"abundance","ESSS","Controls","NA",0.0019351300186714,-0.747306097102996,0.751176357140339,217,506,506
"2018-06-11",11,2018,512,"abundance","ESSS","Controls","NA",0.0019351300186714,-0.781001124000758,0.784871384038101,217,506,506
"2018-06-11",12,2018,513,"abundance","ESSS","Controls","NA",0.0019351300186714,-0.813304674760984,0.817174934798326,217,506,506
"2018-06-11",1,2019,514,"abundance","ESSS","Controls","NA",0.0019351300186714,-0.844376101583724,0.848246361621067,217,506,506
"2018-06-11",2,2019,515,"abundance","ESSS","Controls","NA",0.0019351300186714,-0.874346481208882,0.878216741246225,217,506,506
"2018-06-11",3,2019,516,"abundance","ESSS","Controls","NA",0.0019351300186714,-0.903325177083519,0.907195437120861,217,506,506
"2018-06-11",4,2019,517,"abundance","ESSS","Controls","NA",0.0019351300186714,-0.931404564333789,0.935274824371132,217,506,506
"2018-06-11",5,2019,518,"abundance","ESSS","Controls","NA",0.0019351300186714,-0.958663509629095,0.962533769666438,217,506,506
"2018-06-11",6,2018,507,"abundance","ESSS","Controls","OL",4.41887141137651e-08,-1.15770658268628,1.15770667106371,217,506,506
"2018-06-11",7,2018,508,"abundance","ESSS","Controls","OL",4.41887141137651e-08,-1.3545756568954,1.35457574527283,217,506,506
"2018-06-11",8,2018,509,"abundance","ESSS","Controls","OL",4.41887141137651e-08,-1.52625878904527,1.5262588774227,217,506,506
"2018-06-11",9,2018,510,"abundance","ESSS","Controls","OL",4.41887141137651e-08,-1.68049295552357,1.680493043901,217,506,506
"2018-06-11",10,2018,511,"abundance","ESSS","Controls","OL",4.41887141137651e-08,-1.82171547096156,1.82171555933899,217,506,506
"2018-06-11",11,2018,512,"abundance","ESSS","Controls","OL",4.41887141137651e-08,-1.952751377318,1.95275146569543,217,506,506
"2018-06-11",12,2018,513,"abundance","ESSS","Controls","OL",4.41887141137651e-08,-2.07553092649173,2.07553101486916,217,506,506
"2018-06-11",1,2019,514,"abundance","ESSS","Controls","OL",4.41887141137651e-08,-2.19144229051028,2.19144237888771,217,506,506
"2018-06-11",2,2019,515,"abundance","ESSS","Controls","OL",4.41887141137651e-08,-2.30152340830275,2.30152349668017,217,506,506
"2018-06-11",3,2019,516,"abundance","ESSS","Controls","OL",4.41887141137651e-08,-2.40657447126379,2.40657455964122,217,506,506
"2018-06-11",4,2019,517,"abundance","ESSS","Controls","OL",4.41887141137651e-08,-2.50722782628551,2.50722791466294,217,506,506
"2018-06-11",5,2019,518,"abundance","ESSS","Controls","OL",4.41887141137651e-08,-2.60399348317266,2.60399357155009,217,506,506
"2018-06-11",6,2018,507,"abundance","ESSS","Controls","OT",2.13917399754131,-0.675207894877798,4.95355588996041,217,506,506
"2018-06-11",7,2018,508,"abundance","ESSS","Controls","OT",2.13917399754131,-1.25904099017924,5.53738898526185,217,506,506
"2018-06-11",8,2018,509,"abundance","ESSS","Controls","OT",2.13917399754131,-1.75633428369242,6.03468227877503,217,506,506
"2018-06-11",9,2018,510,"abundance","ESSS","Controls","OT",2.13917399754131,-2.19696534933773,6.47531334442034,217,506,506
"2018-06-11",10,2018,511,"abundance","ESSS","Controls","OT",2.13917399754131,-2.59677618187829,6.87512417696091,217,506,506
"2018-06-11",11,2018,512,"abundance","ESSS","Controls","OT",2.13917399754131,-2.96536748709143,7.24371548217404,217,506,506
"2018-06-11",12,2018,513,"abundance","ESSS","Controls","OT",2.13917399754131,-3.30907924865867,7.58742724374128,217,506,506
"2018-06-11",1,2019,514,"abundance","ESSS","Controls","OT",2.13917399754131,-3.63235813016279,7.9107061252454,217,506,506
"2018-06-11",2,2019,515,"abundance","ESSS","Controls","OT",2.13917399754131,-3.93846557448932,8.21681356957193,217,506,506
"2018-06-11",3,2019,516,"abundance","ESSS","Controls","OT",2.13917399754131,-4.22987792828757,8.50822592337019,217,506,506
"2018-06-11",4,2019,517,"abundance","ESSS","Controls","OT",2.13917399754131,-4.5085280189676,8.78687601405021,217,506,506
"2018-06-11",5,2019,518,"abundance","ESSS","Controls","OT",2.13917399754131,-4.77595881150066,9.05430680658327,217,506,506
"2018-06-11",6,2018,507,"abundance","ESSS","Controls","PB",1.04450861073327e-179,-3.19415134446294,3.19415134446294,217,506,506
"2018-06-11",7,2018,508,"abundance","ESSS","Controls","PB",1.04450861073327e-179,-4.51697420881654,4.51697420881654,217,506,506
"2018-06-11",8,2018,509,"abundance","ESSS","Controls","PB",1.04450861073327e-179,-5.53204385330533,5.53204385330533,217,506,506
"2018-06-11",9,2018,510,"abundance","ESSS","Controls","PB",1.04450861073327e-179,-6.38779792938636,6.38779792938636,217,506,506
"2018-06-11",10,2018,511,"abundance","ESSS","Controls","PB",1.04450861073327e-179,-7.14173757417983,7.14173757417983,217,506,506
"2018-06-11",11,2018,512,"abundance","ESSS","Controls","PB",1.04450861073327e-179,-7.82335406141327,7.82335406141327,217,506,506
"2018-06-11",12,2018,513,"abundance","ESSS","Controls","PB",1.04450861073327e-179,-8.45016697835083,8.45016697835083,217,506,506
"2018-06-11",1,2019,514,"abundance","ESSS","Controls","PB",1.04450861073327e-179,-9.03359148698845,9.03359148698845,217,506,506
"2018-06-11",2,2019,515,"abundance","ESSS","Controls","PB",1.04450861073327e-179,-9.58155667653068,9.58155667653068,217,506,506
"2018-06-11",3,2019,516,"abundance","ESSS","Controls","PB",1.04450861073327e-179,-10.0998357183347,10.0998357183347,217,506,506
"2018-06-11",4,2019,517,"abundance","ESSS","Controls","PB",1.04450861073327e-179,-10.5927869198398,10.5927869198398,217,506,506
"2018-06-11",5,2019,518,"abundance","ESSS","Controls","PB",1.04450861073327e-179,-11.0637962707611,11.0637962707611,217,506,506
"2018-06-11",6,2018,507,"abundance","ESSS","Controls","PE",0.67941733410225,-0.532698283504282,1.89153295170878,217,506,506
"2018-06-11",7,2018,508,"abundance","ESSS","Controls","PE",0.67941733410225,-0.610615387329418,1.96945005553392,217,506,506
"2018-06-11",8,2018,509,"abundance","ESSS","Controls","PE",0.67941733410225,-0.684087185246008,2.04292185345051,217,506,506
"2018-06-11",9,2018,510,"abundance","ESSS","Controls","PE",0.67941733410225,-0.753797487967999,2.1126321561725,217,506,506
"2018-06-11",10,2018,511,"abundance","ESSS","Controls","PE",0.67941733410225,-0.820270926210735,2.17910559441523,217,506,506
"2018-06-11",11,2018,512,"abundance","ESSS","Controls","PE",0.67941733410225,-0.88392045090754,2.24275511911204,217,506,506
"2018-06-11",12,2018,513,"abundance","ESSS","Controls","PE",0.67941733410225,-0.945078028143529,2.30391269634803,217,506,506
"2018-06-11",1,2019,514,"abundance","ESSS","Controls","PE",0.67941733410225,-1.00401527039274,2.36284993859724,217,506,506
"2018-06-11",2,2019,515,"abundance","ESSS","Controls","PE",0.67941733410225,-1.0609577650633,2.4197924332678,217,506,506
"2018-06-11",3,2019,516,"abundance","ESSS","Controls","PE",0.67941733410225,-1.1160953051499,2.4749299733544,217,506,506
"2018-06-11",4,2019,517,"abundance","ESSS","Controls","PE",0.67941733410225,-1.16958936940993,2.52842403761443,217,506,506
"2018-06-11",5,2019,518,"abundance","ESSS","Controls","PE",0.67941733410225,-1.22157870522863,2.58041337343313,217,506,506
"2018-06-11",6,2018,507,"abundance","ESSS","Controls","PF",-2.09348077623982e-06,-1.93070149657312,1.93069730961157,217,506,506
"2018-06-11",7,2018,508,"abundance","ESSS","Controls","PF",-2.54366506228091e-06,-2.02612036964755,2.02611528231742,217,506,506
"2018-06-11",8,2018,509,"abundance","ESSS","Controls","PF",-2.93188359343306e-06,-2.11728496277503,2.11727909900784,217,506,506
"2018-06-11",9,2018,510,"abundance","ESSS","Controls","PF",-3.2666656651382e-06,-2.20471757590761,2.20471104257628,217,506,506
"2018-06-11",10,2018,511,"abundance","ESSS","Controls","PF",-3.55536655533672e-06,-2.28884135571221,2.2888342449791,217,506,506
"2018-06-11",11,2018,512,"abundance","ESSS","Controls","PF",-3.80432912246852e-06,-2.37000486256381,2.36999725390556,217,506,506
"2018-06-11",12,2018,513,"abundance","ESSS","Controls","PF",-4.01902316026743e-06,-2.44849931819238,2.44849128014606,217,506,506
"2018-06-11",1,2019,514,"abundance","ESSS","Controls","PF",-4.20416557102187e-06,-2.52457103514362,2.52456262681248,217,506,506
"2018-06-11",2,2019,515,"abundance","ESSS","Controls","PF",-4.36382399755011e-06,-2.59843057797503,2.59842185032703,217,506,506
"2018-06-11",3,2019,516,"abundance","ESSS","Controls","PF",-4.50150619072022e-06,-2.67025964930504,2.67025064629265,217,506,506
"2018-06-11",4,2019,517,"abundance","ESSS","Controls","PF",-4.62023707595026e-06,-2.74021635577613,2.74020711530198,217,506,506
"2018-06-11",5,2019,518,"abundance","ESSS","Controls","PF",-4.7226252118662e-06,-2.80843929712147,2.80842985187105,217,506,506
"2018-06-11",6,2018,507,"abundance","ESSS","Controls","PH",0,0,0,217,506,506
"2018-06-11",7,2018,508,"abundance","ESSS","Controls","PH",0,0,0,217,506,506
"2018-06-11",8,2018,509,"abundance","ESSS","Controls","PH",0,0,0,217,506,506
"2018-06-11",9,2018,510,"abundance","ESSS","Controls","PH",0,0,0,217,506,506
"2018-06-11",10,2018,511,"abundance","ESSS","Controls","PH",0,0,0,217,506,506
"2018-06-11",11,2018,512,"abundance","ESSS","Controls","PH",0,0,0,217,506,506
"2018-06-11",12,2018,513,"abundance","ESSS","Controls","PH",0,0,0,217,506,506
"2018-06-11",1,2019,514,"abundance","ESSS","Controls","PH",0,0,0,217,506,506
"2018-06-11",2,2019,515,"abundance","ESSS","Controls","PH",0,0,0,217,506,506
"2018-06-11",3,2019,516,"abundance","ESSS","Controls","PH",0,0,0,217,506,506
"2018-06-11",4,2019,517,"abundance","ESSS","Controls","PH",0,0,0,217,506,506
"2018-06-11",5,2019,518,"abundance","ESSS","Controls","PH",0,0,0,217,506,506
"2018-06-11",6,2018,507,"abundance","ESSS","Controls","PL",0.0137843991411723,-0.178731546291491,0.206300344573835,217,506,506
"2018-06-11",7,2018,508,"abundance","ESSS","Controls","PL",0.0137843991411723,-0.178731547254325,0.206300345536669,217,506,506
"2018-06-11",8,2018,509,"abundance","ESSS","Controls","PL",0.0137843991411723,-0.178731548217159,0.206300346499503,217,506,506
"2018-06-11",9,2018,510,"abundance","ESSS","Controls","PL",0.0137843991411723,-0.178731549179993,0.206300347462337,217,506,506
"2018-06-11",10,2018,511,"abundance","ESSS","Controls","PL",0.0137843991411723,-0.178731550142826,0.206300348425171,217,506,506
"2018-06-11",11,2018,512,"abundance","ESSS","Controls","PL",0.0137843991411723,-0.17873155110566,0.206300349388005,217,506,506
"2018-06-11",12,2018,513,"abundance","ESSS","Controls","PL",0.0137843991411723,-0.178731552068494,0.206300350350839,217,506,506
"2018-06-11",1,2019,514,"abundance","ESSS","Controls","PL",0.0137843991411723,-0.178731553031328,0.206300351313673,217,506,506
"2018-06-11",2,2019,515,"abundance","ESSS","Controls","PL",0.0137843991411723,-0.178731553994162,0.206300352276507,217,506,506
"2018-06-11",3,2019,516,"abundance","ESSS","Controls","PL",0.0137843991411723,-0.178731554956996,0.20630035323934,217,506,506
"2018-06-11",4,2019,517,"abundance","ESSS","Controls","PL",0.0137843991411723,-0.17873155591983,0.206300354202174,217,506,506
"2018-06-11",5,2019,518,"abundance","ESSS","Controls","PL",0.0137843991411723,-0.178731556882664,0.206300355165008,217,506,506
"2018-06-11",6,2018,507,"abundance","ESSS","Controls","PM",0.00116175089680334,-0.889621063379337,0.891944565172944,217,506,506
"2018-06-11",7,2018,508,"abundance","ESSS","Controls","PM",0.00116175089680334,-0.93369132695074,0.936014828744346,217,506,506
"2018-06-11",8,2018,509,"abundance","ESSS","Controls","PM",0.00116175089680334,-0.975775571612849,0.978099073406456,217,506,506
"2018-06-11",9,2018,510,"abundance","ESSS","Controls","PM",0.00116175089680334,-1.01612030785762,1.01844380965122,217,506,506
"2018-06-11",10,2018,511,"abundance","ESSS","Controls","PM",0.00116175089680334,-1.05492491316772,1.05724841496133,217,506,506
"2018-06-11",11,2018,512,"abundance","ESSS","Controls","PM",0.00116175089680334,-1.09235335963722,1.09467686143083,217,506,506
"2018-06-11",12,2018,513,"abundance","ESSS","Controls","PM",0.00116175089680334,-1.12854243689642,1.13086593869003,217,506,506
"2018-06-11",1,2019,514,"abundance","ESSS","Controls","PM",0.00116175089680334,-1.16360767129321,1.16593117308681,217,506,506
"2018-06-11",2,2019,515,"abundance","ESSS","Controls","PM",0.00116175089680334,-1.19764768425966,1.19997118605326,217,506,506
"2018-06-11",3,2019,516,"abundance","ESSS","Controls","PM",0.00116175089680334,-1.23074746522728,1.23307096702089,217,506,506
"2018-06-11",4,2019,517,"abundance","ESSS","Controls","PM",0.00116175089680334,-1.26298087227621,1.26530437406982,217,506,506
"2018-06-11",5,2019,518,"abundance","ESSS","Controls","PM",0.00116175089680334,-1.29441257220244,1.29673607399605,217,506,506
"2018-06-11",6,2018,507,"abundance","ESSS","Controls","PP",17.9989977515823,5.66395679055072,30.334038712614,217,506,506
"2018-06-11",7,2018,508,"abundance","ESSS","Controls","PP",17.9989977515823,0.555489655342466,35.4425058478222,217,506,506
"2018-06-11",8,2018,509,"abundance","ESSS","Controls","PP",17.9989977515823,-3.36449245710884,39.3624879602735,217,506,506
"2018-06-11",9,2018,510,"abundance","ESSS","Controls","PP",17.9989977515823,-6.66922985175597,42.6672253549206,217,506,506
"2018-06-11",10,2018,511,"abundance","ESSS","Controls","PP",17.9989977515823,-9.58078093286979,45.5787764360345,217,506,506
"2018-06-11",11,2018,512,"abundance","ESSS","Controls","PP",17.9989977515823,-12.213035140572,48.2110306437367,217,506,506
"2018-06-11",12,2018,513,"abundance","ESSS","Controls","PP",17.9989977515823,-14.633649561651,50.6316450648157,217,506,506
"2018-06-11",1,2019,514,"abundance","ESSS","Controls","PP",17.9989977515823,-16.8867071984847,52.8847027016494,217,506,506
"2018-06-11",2,2019,515,"abundance","ESSS","Controls","PP",17.9989977515823,-19.0028285419453,55.00082404511,217,506,506
"2018-06-11",3,2019,516,"abundance","ESSS","Controls","PP",17.9989977515823,-21.0043083678949,57.0023038710596,217,506,506
"2018-06-11",4,2019,517,"abundance","ESSS","Controls","PP",17.9989977515823,-22.9079775392273,58.9059730423919,217,506,506
"2018-06-11",5,2019,518,"abundance","ESSS","Controls","PP",17.9989977515823,-24.7269120296753,60.72490753284,217,506,506
"2018-06-11",6,2018,507,"abundance","ESSS","Controls","RF",0,0,0,217,506,506
"2018-06-11",7,2018,508,"abundance","ESSS","Controls","RF",0,0,0,217,506,506
"2018-06-11",8,2018,509,"abundance","ESSS","Controls","RF",0,0,0,217,506,506
"2018-06-11",9,2018,510,"abundance","ESSS","Controls","RF",0,0,0,217,506,506
"2018-06-11",10,2018,511,"abundance","ESSS","Controls","RF",0,0,0,217,506,506
"2018-06-11",11,2018,512,"abundance","ESSS","Controls","RF",0,0,0,217,506,506
"2018-06-11",12,2018,513,"abundance","ESSS","Controls","RF",0,0,0,217,506,506
"2018-06-11",1,2019,514,"abundance","ESSS","Controls","RF",0,0,0,217,506,506
"2018-06-11",2,2019,515,"abundance","ESSS","Controls","RF",0,0,0,217,506,506
"2018-06-11",3,2019,516,"abundance","ESSS","Controls","RF",0,0,0,217,506,506
"2018-06-11",4,2019,517,"abundance","ESSS","Controls","RF",0,0,0,217,506,506
"2018-06-11",5,2019,518,"abundance","ESSS","Controls","RF",0,0,0,217,506,506
"2018-06-11",6,2018,507,"abundance","ESSS","Controls","RM",1.86847824764022e-06,-1.63108678737775,1.63109052433424,217,506,506
"2018-06-11",7,2018,508,"abundance","ESSS","Controls","RM",1.86847824764022e-06,-1.93653334178603,1.93653707874252,217,506,506
"2018-06-11",8,2018,509,"abundance","ESSS","Controls","RM",1.86847824764022e-06,-2.19997245817297,2.19997619512947,217,506,506
"2018-06-11",9,2018,510,"abundance","ESSS","Controls","RM",1.86847824764022e-06,-2.43507625249769,2.43507998945418,217,506,506
"2018-06-11",10,2018,511,"abundance","ESSS","Controls","RM",1.86847824764022e-06,-2.649398794424,2.6494025313805,217,506,506
"2018-06-11",11,2018,512,"abundance","ESSS","Controls","RM",1.86847824764022e-06,-2.84763615098948,2.84763988794597,217,506,506
"2018-06-11",12,2018,513,"abundance","ESSS","Controls","RM",1.86847824764022e-06,-3.03294401090194,3.03294774785843,217,506,506
"2018-06-11",1,2019,514,"abundance","ESSS","Controls","RM",1.86847824764022e-06,-3.20756405049839,3.20756778745489,217,506,506
"2018-06-11",2,2019,515,"abundance","ESSS","Controls","RM",1.86847824764022e-06,-3.37315652417272,3.37316026112921,217,506,506
"2018-06-11",3,2019,516,"abundance","ESSS","Controls","RM",1.86847824764022e-06,-3.53099175361211,3.53099549056861,217,506,506
"2018-06-11",4,2019,517,"abundance","ESSS","Controls","RM",1.86847824764022e-06,-3.68206743784585,3.68207117480234,217,506,506
"2018-06-11",5,2019,518,"abundance","ESSS","Controls","RM",1.86847824764022e-06,-3.82718414658624,3.82718788354274,217,506,506
"2018-06-11",6,2018,507,"abundance","ESSS","Controls","RO",2.95272718069035e-09,-0.303625790098116,0.30362579600357,217,506,506
"2018-06-11",7,2018,508,"abundance","ESSS","Controls","RO",2.95272718069035e-09,-0.389311589177431,0.389311595082885,217,506,506
"2018-06-11",8,2018,509,"abundance","ESSS","Controls","RO",2.95272718069035e-09,-0.459280313769081,0.459280319674535,217,506,506
"2018-06-11",9,2018,510,"abundance","ESSS","Controls","RO",2.95272718069035e-09,-0.519916627757668,0.519916633663123,217,506,506
"2018-06-11",10,2018,511,"abundance","ESSS","Controls","RO",2.95272718069035e-09,-0.574184807409246,0.5741848133147,217,506,506
"2018-06-11",11,2018,512,"abundance","ESSS","Controls","RO",2.95272718069035e-09,-0.623749217496951,0.623749223402405,217,506,506
"2018-06-11",12,2018,513,"abundance","ESSS","Controls","RO",2.95272718069035e-09,-0.669655119907351,0.669655125812805,217,506,506
"2018-06-11",1,2019,514,"abundance","ESSS","Controls","RO",2.95272718069035e-09,-0.712609902348842,0.712609908254297,217,506,506
"2018-06-11",2,2019,515,"abundance","ESSS","Controls","RO",2.95272718069035e-09,-0.753118693332976,0.75311869923843,217,506,506
"2018-06-11",3,2019,516,"abundance","ESSS","Controls","RO",2.95272718069035e-09,-0.791557110751801,0.791557116657255,217,506,506
"2018-06-11",4,2019,517,"abundance","ESSS","Controls","RO",2.95272718069035e-09,-0.828213470626041,0.828213476531495,217,506,506
"2018-06-11",5,2019,518,"abundance","ESSS","Controls","RO",2.95272718069035e-09,-0.863314801379142,0.863314807284597,217,506,506
"2018-06-11",6,2018,507,"abundance","ESSS","Controls","SF",2.49360788915072e-15,-0.873763156621117,0.873763156621122,217,506,506
"2018-06-11",7,2018,508,"abundance","ESSS","Controls","SF",2.49360788915072e-15,-1.10153076153426,1.10153076153426,217,506,506
"2018-06-11",8,2018,509,"abundance","ESSS","Controls","SF",2.49360788915072e-15,-1.28968134953716,1.28968134953716,217,506,506
"2018-06-11",9,2018,510,"abundance","ESSS","Controls","SF",2.49360788915072e-15,-1.45368013953611,1.45368013953612,217,506,506
"2018-06-11",10,2018,511,"abundance","ESSS","Controls","SF",2.49360788915072e-15,-1.60096655580917,1.60096655580918,217,506,506
"2018-06-11",11,2018,512,"abundance","ESSS","Controls","SF",2.49360788915072e-15,-1.73580006842874,1.73580006842875,217,506,506
"2018-06-11",12,2018,513,"abundance","ESSS","Controls","SF",2.49360788915072e-15,-1.86088952984721,1.86088952984721,217,506,506
"2018-06-11",1,2019,514,"abundance","ESSS","Controls","SF",2.49360788915072e-15,-1.97808437813778,1.97808437813778,217,506,506
"2018-06-11",2,2019,515,"abundance","ESSS","Controls","SF",2.49360788915072e-15,-2.08871390376242,2.08871390376243,217,506,506
"2018-06-11",3,2019,516,"abundance","ESSS","Controls","SF",2.49360788915072e-15,-2.19377157801541,2.19377157801541,217,506,506
"2018-06-11",4,2019,517,"abundance","ESSS","Controls","SF",2.49360788915072e-15,-2.29402303851682,2.29402303851683,217,506,506
"2018-06-11",5,2019,518,"abundance","ESSS","Controls","SF",2.49360788915072e-15,-2.39007315075997,2.39007315075998,217,506,506
"2018-06-11",6,2018,507,"abundance","ESSS","Controls","SH",1.05359381722246e-52,-0.597480812763592,0.597480812763592,217,506,506
"2018-06-11",7,2018,508,"abundance","ESSS","Controls","SH",1.05359381722246e-52,-0.844923051124739,0.844923051124739,217,506,506
"2018-06-11",8,2018,509,"abundance","ESSS","Controls","SH",1.05359381722246e-52,-1.03479785611647,1.03479785611647,217,506,506
"2018-06-11",9,2018,510,"abundance","ESSS","Controls","SH",1.05359381722246e-52,-1.19487164320044,1.19487164320044,217,506,506
"2018-06-11",10,2018,511,"abundance","ESSS","Controls","SH",1.05359381722246e-52,-1.33590040213551,1.33590040213551,217,506,506
"2018-06-11",11,2018,512,"abundance","ESSS","Controls","SH",1.05359381722246e-52,-1.46340067142499,1.46340067142499,217,506,506
"2018-06-11",12,2018,513,"abundance","ESSS","Controls","SH",1.05359381722246e-52,-1.5806496024826,1.5806496024826,217,506,506
"2018-06-11",1,2019,514,"abundance","ESSS","Controls","SH",1.05359381722246e-52,-1.68978247313958,1.68978247313958,217,506,506
"2018-06-11",2,2019,515,"abundance","ESSS","Controls","SH",1.05359381722246e-52,-1.79228246859445,1.79228246859445,217,506,506
"2018-06-11",3,2019,516,"abundance","ESSS","Controls","SH",1.05359381722246e-52,-1.88922949583482,1.88922949583482,217,506,506
"2018-06-11",4,2019,517,"abundance","ESSS","Controls","SH",1.05359381722246e-52,-1.9814388026466,1.9814388026466,217,506,506
"2018-06-11",5,2019,518,"abundance","ESSS","Controls","SH",1.05359381722246e-52,-2.06954375873884,2.06954375873884,217,506,506
"2018-06-11",6,2018,507,"abundance","ESSS","Controls","SO",0,0,0,217,506,506
"2018-06-11",7,2018,508,"abundance","ESSS","Controls","SO",0,0,0,217,506,506
"2018-06-11",8,2018,509,"abundance","ESSS","Controls","SO",0,0,0,217,506,506
"2018-06-11",9,2018,510,"abundance","ESSS","Controls","SO",0,0,0,217,506,506
"2018-06-11",10,2018,511,"abundance","ESSS","Controls","SO",0,0,0,217,506,506
"2018-06-11",11,2018,512,"abundance","ESSS","Controls","SO",0,0,0,217,506,506
"2018-06-11",12,2018,513,"abundance","ESSS","Controls","SO",0,0,0,217,506,506
"2018-06-11",1,2019,514,"abundance","ESSS","Controls","SO",0,0,0,217,506,506
"2018-06-11",2,2019,515,"abundance","ESSS","Controls","SO",0,0,0,217,506,506
"2018-06-11",3,2019,516,"abundance","ESSS","Controls","SO",0,0,0,217,506,506
"2018-06-11",4,2019,517,"abundance","ESSS","Controls","SO",0,0,0,217,506,506
"2018-06-11",5,2019,518,"abundance","ESSS","Controls","SO",0,0,0,217,506,506
"2018-06-11",6,2018,507,"abundance","ESSS","Controls","total",30.375712027126,16.9939671444946,43.7574569097575,217,506,506
"2018-06-11",7,2018,508,"abundance","ESSS","Controls","total",31.2729618629504,13.6986257842543,48.8472979416466,217,506,506
"2018-06-11",8,2018,509,"abundance","ESSS","Controls","total",32.1702116987749,10.8973245274932,53.4430988700566,217,506,506
"2018-06-11",9,2018,510,"abundance","ESSS","Controls","total",33.0674615345993,8.34816681156927,57.7867562576293,217,506,506
"2018-06-11",10,2018,511,"abundance","ESSS","Controls","total",33.9647113704237,5.94029529051279,61.9891274503347,217,506,506
"2018-06-11",11,2018,512,"abundance","ESSS","Controls","total",34.8619612062482,3.61218083450574,66.1117415779906,217,506,506
"2018-06-11",12,2018,513,"abundance","ESSS","Controls","total",35.7592110420726,1.32548235898484,70.1929397251603,217,506,506
"2018-06-11",1,2019,514,"abundance","ESSS","Controls","total",36.656460877897,-0.945674936980474,74.2585966927745,217,506,506
"2018-06-11",2,2019,515,"abundance","ESSS","Controls","total",37.5537107137214,-3.21982576121828,78.3272471886612,217,506,506
"2018-06-11",3,2019,516,"abundance","ESSS","Controls","total",38.4509605495459,-5.51088913504253,82.4128102341343,217,506,506
"2018-06-11",4,2019,517,"abundance","ESSS","Controls","total",39.3482103853703,-7.82973388334663,86.5261546540873,217,506,506
"2018-06-11",5,2019,518,"abundance","ESSS","Controls","total",40.2454602211947,-10.1851340643103,90.6760545066997,217,506,506
