"forecast_newmoon","newmoonnumber","mintemp","maxtemp","meantemp","precipitation","ndvi","source","date_made"
403,404,-1.61740818617022,22.2539072492539,8.903,28.654,0.22407635989427,"retroactive","2018-06-05 12:00:00 PST"
403,405,4.04410985492629,28.8561928182949,11.525,17.101,0.247554930532109,"retroactive","2018-06-05 12:00:00 PST"
403,406,1.08984928571221,34.0671502177512,15.435,14.24,0.269541644242002,"retroactive","2018-06-05 12:00:00 PST"
403,407,1.68878974673677,33.6983850843877,20.061,4.936,0.283932131804909,"retroactive","2018-06-05 12:00:00 PST"
403,408,16.8724898884238,33.6403124706415,25.284,13.118,0.296226117114962,"retroactive","2018-06-05 12:00:00 PST"
403,409,13.1617565599929,42.2944168089714,27.094,46.869,0.305893618416526,"retroactive","2018-06-05 12:00:00 PST"
404,405,-0.50516656937445,22.9478719852109,11.371,12.365,0.245023798818521,"retroactive","2018-06-05 12:00:00 PST"
404,406,-0.699165648485744,27.9390516187742,15.364,4.89,0.268377499172007,"retroactive","2018-06-05 12:00:00 PST"
404,407,6.56798299677287,30.0824874999178,20.833,3.22,0.284110343575101,"retroactive","2018-06-05 12:00:00 PST"
404,408,7.63965383919321,49.3979817184141,26.178,5.932,0.29657580512451,"retroactive","2018-06-05 12:00:00 PST"
404,409,17.1676105243827,39.6769378975886,27.457,57.485,0.305794766616643,"retroactive","2018-06-05 12:00:00 PST"
404,410,15.441681793247,35.6923750619247,25.96,53.025,0.310965072881993,"retroactive","2018-06-05 12:00:00 PST"
405,406,-1.13092059430496,30.0436123652275,15.776,3.748,0.277922590262167,"retroactive","2018-06-05 12:00:00 PST"
405,407,-3.85070309050785,35.4463157125724,20.868,5.649,0.288496434817094,"retroactive","2018-06-05 12:00:00 PST"
405,408,4.76923088939113,35.7677121962057,26.12,3.766,0.295901663641289,"retroactive","2018-06-05 12:00:00 PST"
405,409,16.9812125437427,32.2409697875523,27.688,48.457,0.304475422975398,"retroactive","2018-06-05 12:00:00 PST"
405,410,9.9060519280658,40.8259949058837,26.396,44.294,0.311336084151902,"retroactive","2018-06-05 12:00:00 PST"
405,411,9.69806963485373,33.6918868793036,23.954,22.294,0.310934270952936,"retroactive","2018-06-05 12:00:00 PST"
406,407,6.0922157912223,18.5946429936145,20.339,4.1,0.340017470161794,"retroactive","2018-06-05 12:00:00 PST"
406,408,14.7830546001905,38.0660016893007,26.239,5.51,0.319519524980266,"retroactive","2018-06-05 12:00:00 PST"
406,409,18.2680038803486,31.9166002684265,27.585,51.933,0.300526195811327,"retroactive","2018-06-05 12:00:00 PST"
406,410,16.660402790568,40.7949774186221,26.444,49.513,0.303701304904585,"retroactive","2018-06-05 12:00:00 PST"
406,411,17.023441611825,39.9212222623117,24.269,19.725,0.312380000741665,"retroactive","2018-06-05 12:00:00 PST"
406,412,7.14306267652212,33.4806516530481,17.798,23.235,0.312529195695209,"retroactive","2018-06-05 12:00:00 PST"
407,408,13.0437527053358,40.1534112085414,26.699,3.232,0.339515420161576,"retroactive","2018-06-05 12:00:00 PST"
407,409,14.559843407582,33.8937448486069,27.882,45.136,0.309715264167689,"retroactive","2018-06-05 12:00:00 PST"
407,410,16.4239706049564,34.8370927525589,26.372,50.445,0.302091824259758,"retroactive","2018-06-05 12:00:00 PST"
407,411,14.4967808041306,33.8394275072582,24.35,20.251,0.309177055515908,"retroactive","2018-06-05 12:00:00 PST"
407,412,6.27381454853402,37.2109717264154,18.467,5.58,0.312783719725443,"retroactive","2018-06-05 12:00:00 PST"
407,413,-3.48367888222431,22.1081313478481,12.823,3.783,0.302215260537191,"retroactive","2018-06-05 12:00:00 PST"
408,409,12.5756020918197,39.7763314412592,27.796,41.786,0.296436464053172,"retroactive","2018-06-05 12:00:00 PST"
408,410,10.6779418886454,37.2533698016142,26.513,43.153,0.296027656404408,"retroactive","2018-06-05 12:00:00 PST"
408,411,15.4273108861814,34.4602645435276,24.613,16.097,0.310293013876013,"retroactive","2018-06-05 12:00:00 PST"
408,412,-0.339106725899795,29.6504086953153,18.306,2.076,0.314969105988425,"retroactive","2018-06-05 12:00:00 PST"
408,413,0.562120939667575,24.2683784130482,13.013,0.655,0.302082239599805,"retroactive","2018-06-05 12:00:00 PST"
408,414,-7.89082805019732,25.8601900886581,8.353,1.265,0.277854984096685,"retroactive","2018-06-05 12:00:00 PST"
409,410,13.490167633837,34.4609339758364,26.181,45.433,0.307529616826513,"retroactive","2018-06-05 12:00:00 PST"
409,411,8.88335785228065,37.7372980264315,24.568,11.248,0.315490732219211,"retroactive","2018-06-05 12:00:00 PST"
409,412,4.55098309021231,40.2733893224601,18.617,2.605,0.313922954551952,"retroactive","2018-06-05 12:00:00 PST"
409,413,-3.43869687879613,33.3196760913865,12.815,2.148,0.300124770027398,"retroactive","2018-06-05 12:00:00 PST"
409,414,-7.79514828133205,18.1538015773909,8.316,3.042,0.277949190138998,"retroactive","2018-06-05 12:00:00 PST"
409,415,-5.75300482144592,21.7893394255112,8.898,2.054,0.259466776067672,"retroactive","2018-06-05 12:00:00 PST"
410,411,8.94134150919284,36.7349284895946,23.88,16.502,0.362992870357697,"retroactive","2018-06-05 12:00:00 PST"
410,412,1.14975239526654,31.6454395797704,18.663,2.929,0.335301325959537,"retroactive","2018-06-05 12:00:00 PST"
410,413,-0.406163844319051,24.0661680183055,13.534,0.741,0.296192581772204,"retroactive","2018-06-05 12:00:00 PST"
410,414,-6.03250573079213,22.6877208837325,8.519,1.901,0.27064926174677,"retroactive","2018-06-05 12:00:00 PST"
410,415,-9.71665806435122,23.9755447250683,9.051,0.879,0.260562010922827,"retroactive","2018-06-05 12:00:00 PST"
410,416,-2.06897408145206,30.1810039327315,10.999,3.132,0.262476533502607,"retroactive","2018-06-05 12:00:00 PST"
411,412,-3.44855321872748,26.7848616379855,18.154,3.111,0.327462153660398,"retroactive","2018-06-05 12:00:00 PST"
411,413,-1.02639322690026,25.2387197840955,13.074,2.237,0.292688571376653,"retroactive","2018-06-05 12:00:00 PST"
411,414,-7.18432905848807,19.4780416515345,8.348,5.116,0.271266081432259,"retroactive","2018-06-05 12:00:00 PST"
411,415,-14.1194086343566,25.5285363317943,8.255,3.603,0.261679256935492,"retroactive","2018-06-05 12:00:00 PST"
411,416,-5.20737038823706,25.7753002948642,10.457,6.013,0.262202424914612,"retroactive","2018-06-05 12:00:00 PST"
411,417,-1.35172410020599,32.3236617227923,13.532,2.702,0.268289297067238,"retroactive","2018-06-05 12:00:00 PST"
412,413,-1.34988598974804,26.1131179021508,12.925,0.601,0.265208153563549,"retroactive","2018-06-05 12:00:00 PST"
412,414,-5.33852637203853,24.3700404075653,8.629,6.474,0.259138643304064,"retroactive","2018-06-05 12:00:00 PST"
412,415,-8.90995207356509,18.2962070938003,8.513,2.794,0.263973402353136,"retroactive","2018-06-05 12:00:00 PST"
412,416,-1.12542352662363,19.0695612740913,10.374,7.973,0.266208751920633,"retroactive","2018-06-05 12:00:00 PST"
412,417,-9.80741455945091,19.5913752205016,13.876,1.357,0.267425872980063,"retroactive","2018-06-05 12:00:00 PST"
412,418,4.7236500576253,31.9094051199249,17.735,1.528,0.273230171883291,"retroactive","2018-06-05 12:00:00 PST"
413,414,-12.9265661210255,23.9188306661732,8.488,4.577,0.275966761644356,"retroactive","2018-06-05 12:00:00 PST"
413,415,-2.62215638208282,18.8051119371125,9.236,4.408,0.271337408374717,"retroactive","2018-06-05 12:00:00 PST"
413,416,1.2986644838609,24.4115660699795,10.578,5.211,0.264758147458382,"retroactive","2018-06-05 12:00:00 PST"
413,417,3.98700082778246,24.7825058784723,13.531,3.623,0.264923835330985,"retroactive","2018-06-05 12:00:00 PST"
413,418,5.21959565790635,35.5614648537509,17.726,1.016,0.273748093591026,"retroactive","2018-06-05 12:00:00 PST"
413,419,8.17185441933583,25.5919637568445,22.525,1.289,0.289769030573728,"retroactive","2018-06-05 12:00:00 PST"
414,415,-4.191216351991,27.1639730036403,8.621,3.484,0.239688100152053,"retroactive","2018-06-05 12:00:00 PST"
414,416,-8.28846962262877,21.5186563426902,10.415,7.135,0.250744305979865,"retroactive","2018-06-05 12:00:00 PST"
414,417,-3.80497178095055,35.4722679013884,13.497,5.157,0.267575814071978,"retroactive","2018-06-05 12:00:00 PST"
414,418,4.80114952406054,32.6571046829132,17.262,1.02,0.278461152561194,"retroactive","2018-06-05 12:00:00 PST"
414,419,3.78419384245443,34.3040125153252,22.266,3.555,0.288922212565773,"retroactive","2018-06-05 12:00:00 PST"
414,420,11.0271525569642,37.7821272483337,25.961,6.426,0.301803235393807,"retroactive","2018-06-05 12:00:00 PST"
415,416,-5.14820664649933,26.5099338333754,9.92,16.479,0.248503389777431,"retroactive","2018-06-05 12:00:00 PST"
415,417,-2.36794332200799,25.5828609943077,12.62,19.269,0.266578018273107,"retroactive","2018-06-05 12:00:00 PST"
415,418,4.21342492624279,33.4475855298244,16.849,21.227,0.278648147580339,"retroactive","2018-06-05 12:00:00 PST"
415,419,-0.087129048900711,25.6118435787521,20.521,18.753,0.289261356647085,"retroactive","2018-06-05 12:00:00 PST"
415,420,8.54604741462331,33.841542539408,24.496,22.208,0.301754987818139,"retroactive","2018-06-05 12:00:00 PST"
415,421,11.9893334058459,43.8881502541451,26.53,23.943,0.314562284640899,"retroactive","2018-06-05 12:00:00 PST"
416,417,-0.984715790587736,34.4231069703387,12.213,25.628,0.250358549915107,"retroactive","2018-06-05 12:00:00 PST"
416,418,0.740032865250652,31.7876614422962,15.76,26.489,0.271406241723015,"retroactive","2018-06-05 12:00:00 PST"
416,419,11.8900795148701,31.6071201687251,19.958,32.094,0.290563427290207,"retroactive","2018-06-05 12:00:00 PST"
416,420,7.56316985071578,33.576977502276,22.571,31.9,0.304157131243318,"retroactive","2018-06-05 12:00:00 PST"
416,421,9.40667328359497,36.9094742276614,24.27,34.688,0.314176330419524,"retroactive","2018-06-05 12:00:00 PST"
416,422,7.42690971114761,38.7171494666466,24.345,34.87,0.319142284974507,"retroactive","2018-06-05 12:00:00 PST"
417,418,3.89722890937496,23.4529766924823,15.834,27.854,0.255264490244522,"retroactive","2018-06-05 12:00:00 PST"
417,419,2.36745126263217,35.924478452374,18.995,27.401,0.283354275897932,"retroactive","2018-06-05 12:00:00 PST"
417,420,10.6862580197295,33.0384174580997,22.05,33.918,0.305436534017315,"retroactive","2018-06-05 12:00:00 PST"
417,421,7.39232455557045,38.2215151284409,22.931,35.349,0.31656866897825,"retroactive","2018-06-05 12:00:00 PST"
417,422,-2.36365478874321,35.7753722573583,21.949,36.416,0.318779218670133,"retroactive","2018-06-05 12:00:00 PST"
417,423,11.2678327333125,39.928601620021,20.052,35.811,0.314471882179153,"retroactive","2018-06-05 12:00:00 PST"
418,419,5.94674688149398,29.026536287568,19.417,26.563,0.261551791565203,"retroactive","2018-06-05 12:00:00 PST"
418,420,8.96808507797647,31.1204675625293,21.467,25.685,0.295637694951772,"retroactive","2018-06-05 12:00:00 PST"
418,421,1.52531584488347,31.5540070881071,22.594,31.568,0.318186810971025,"retroactive","2018-06-05 12:00:00 PST"
418,422,3.09847995540859,35.2569149961579,21.541,33.41,0.321890729331775,"retroactive","2018-06-05 12:00:00 PST"
418,423,1.28593659480108,36.7050227546476,18.191,33.197,0.313899277243013,"retroactive","2018-06-05 12:00:00 PST"
418,424,-0.472182491078309,26.0642437464686,14.906,32.193,0.299725821155377,"retroactive","2018-06-05 12:00:00 PST"
419,420,7.6206231949069,33.7510575464214,22.168,25.006,0.318214925075815,"retroactive","2018-06-05 12:00:00 PST"
419,421,12.3034535569813,32.5966801630031,22.54,24.247,0.328283232821022,"retroactive","2018-06-05 12:00:00 PST"
419,422,9.66276298346881,33.2847888959055,21.479,28.352,0.320153957222286,"retroactive","2018-06-05 12:00:00 PST"
419,423,5.57075227721827,29.5335392949489,18.806,29.667,0.31063628820132,"retroactive","2018-06-05 12:00:00 PST"
419,424,2.86791343919793,26.9807005991256,14.022,29.021,0.300304462490642,"retroactive","2018-06-05 12:00:00 PST"
419,425,-3.66725214322493,30.1370638615408,10.335,27.874,0.289158054164888,"retroactive","2018-06-05 12:00:00 PST"
420,421,8.63937680362539,29.435625450215,23.317,24.345,0.300412402650595,"retroactive","2018-06-05 12:00:00 PST"
420,422,12.0428061267132,34.0219017452426,21.962,23.839,0.307658645438325,"retroactive","2018-06-05 12:00:00 PST"
420,423,10.07845831251,33.2753576789033,19.036,25.864,0.312831606499457,"retroactive","2018-06-05 12:00:00 PST"
420,424,-3.92448989269118,29.2215531472426,15.476,26.273,0.304320441285551,"retroactive","2018-06-05 12:00:00 PST"
420,425,-6.82575159939027,32.4766456255395,10.554,25.826,0.288382767385948,"retroactive","2018-06-05 12:00:00 PST"
420,426,0.581988989206699,22.5384468436045,7.562,24.73,0.269596621996144,"retroactive","2018-06-05 12:00:00 PST"
421,422,4.9617259217142,42.8876817835868,22.619,24.373,0.267560270472523,"retroactive","2018-06-05 12:00:00 PST"
421,423,9.32346459014243,42.6154148219955,19.919,24.03,0.294929015315569,"retroactive","2018-06-05 12:00:00 PST"
421,424,-3.42470239609406,37.4009877816908,15.94,24.489,0.307280424377529,"retroactive","2018-06-05 12:00:00 PST"
421,425,-6.12842077232023,30.5685700038423,12.447,24.082,0.29381188849649,"retroactive","2018-06-05 12:00:00 PST"
421,426,2.11804598160888,22.2361911442485,8.692,24.08,0.268095771806373,"retroactive","2018-06-05 12:00:00 PST"
421,427,-5.3656885571158,26.956847895669,7.279,23.157,0.245835822780133,"retroactive","2018-06-05 12:00:00 PST"
422,423,11.1306090700657,38.2325591524099,22.619,24.373,0.321778644519187,"retroactive","2018-06-05 12:00:00 PST"
422,424,0.54216823734281,29.8501220177624,19.919,24.03,0.31910220642348,"retroactive","2018-06-05 12:00:00 PST"
422,425,5.45106750617637,25.4275036321282,15.94,24.489,0.291818746821538,"retroactive","2018-06-05 12:00:00 PST"
422,426,0.695988284456507,27.7606686033255,12.447,24.082,0.264528413862566,"retroactive","2018-06-05 12:00:00 PST"
422,427,-0.795414218705707,29.8356836185194,8.692,24.08,0.246957273908988,"retroactive","2018-06-05 12:00:00 PST"
422,428,-8.00500219238741,23.6512886384567,7.279,23.157,0.243691807950652,"retroactive","2018-06-05 12:00:00 PST"
423,424,4.4056374978279,35.0869060722952,23.667,11.093,0.351349435011956,"retroactive","2018-06-05 12:00:00 PST"
423,425,10.6474157120637,26.278993644824,18.072,11.777,0.305857028970054,"retroactive","2018-06-05 12:00:00 PST"
423,426,-5.99181037498622,25.6355530536431,10.894,17.766,0.26189152648961,"retroactive","2018-06-05 12:00:00 PST"
423,427,-5.4986175563599,25.3149863218231,8.328,24.316,0.242424152742093,"retroactive","2018-06-05 12:00:00 PST"
423,428,-2.10750664093328,30.4115393199577,8.156,33.782,0.244849767997202,"retroactive","2018-06-05 12:00:00 PST"
423,429,-10.3378005562621,23.6035117458735,9.857,10.088,0.257529355487789,"retroactive","2018-06-05 12:00:00 PST"
424,425,1.23653164506296,27.9591435140308,15.05,35.505,0.318760091808377,"retroactive","2018-06-05 12:00:00 PST"
424,426,-2.57658974498002,29.1931996814954,8.192,47.906,0.267470133971516,"retroactive","2018-06-05 12:00:00 PST"
424,427,-2.25156583359413,18.9139618578457,7.459,29.981,0.241284014207308,"retroactive","2018-06-05 12:00:00 PST"
424,428,-2.30412914498741,21.9249253308169,9.12,18.262,0.242935070843054,"retroactive","2018-06-05 12:00:00 PST"
424,429,-4.88451521369536,21.4302128278236,11.514,2.711,0.257942347009919,"retroactive","2018-06-05 12:00:00 PST"
424,430,3.08817696996585,32.3659445059003,14.762,0.243,0.274320055575781,"retroactive","2018-06-05 12:00:00 PST"
425,426,-6.90732324183458,24.8887859571494,12.232,2.05,0.238500631974331,"retroactive","2018-06-05 12:00:00 PST"
425,427,-5.21895498627772,30.5547295179651,7.853,14.948,0.2287884152232,"retroactive","2018-06-05 12:00:00 PST"
425,428,-7.52784283679068,23.6877416762408,8.911,27.479,0.245623324205111,"retroactive","2018-06-05 12:00:00 PST"
425,429,-1.61311235545673,19.1188161677686,10.307,15.038,0.262418536942067,"retroactive","2018-06-05 12:00:00 PST"
425,430,-4.4240251026494,26.0001229485957,13.241,2.678,0.27353442382004,"retroactive","2018-06-05 12:00:00 PST"
425,431,-0.598577584486305,33.8143278024047,17.297,3.291,0.282173255454684,"retroactive","2018-06-05 12:00:00 PST"
426,427,-8.03704675907739,22.7020376663073,8.33,6.682,0.220274464199801,"retroactive","2018-06-05 12:00:00 PST"
426,428,-3.16288376862846,25.2126277113039,8.325,18.893,0.242010445207468,"retroactive","2018-06-05 12:00:00 PST"
426,429,5.44138075597383,26.4955016818383,10.371,14.198,0.263278868734742,"retroactive","2018-06-05 12:00:00 PST"
426,430,-9.93179281109053,19.3399565203676,13.744,2.472,0.274869235034746,"retroactive","2018-06-05 12:00:00 PST"
426,431,1.22645380491591,31.751588761651,17.292,0.327,0.281892206193749,"retroactive","2018-06-05 12:00:00 PST"
426,432,1.44061180462043,34.108407856686,22.317,1.464,0.291581394365391,"retroactive","2018-06-05 12:00:00 PST"
427,428,-2.27257066109694,19.3225270897604,8.172,37.362,0.231172481205491,"retroactive","2018-06-05 12:00:00 PST"
427,429,-2.94983412483069,27.8874100576571,10.006,23.815,0.258634333931109,"retroactive","2018-06-05 12:00:00 PST"
427,430,-1.37607240871427,29.6584039624607,12.229,6.893,0.275934394124447,"retroactive","2018-06-05 12:00:00 PST"
427,431,0.206679712214735,28.993089098243,16.431,1.866,0.283588361727499,"retroactive","2018-06-05 12:00:00 PST"
427,432,8.22464615363539,36.484545072685,21.267,2.498,0.291237937667533,"retroactive","2018-06-05 12:00:00 PST"
427,433,8.19953156040405,36.1998618398302,26.308,10.184,0.303818815816893,"retroactive","2018-06-05 12:00:00 PST"
428,429,-5.31649789883496,25.7836991419377,10.805,8.328,0.25566764443303,"retroactive","2018-06-05 12:00:00 PST"
428,430,1.78342274540193,32.6897359252511,13.463,2.964,0.274651269674384,"retroactive","2018-06-05 12:00:00 PST"
428,431,6.9940743260469,28.9144517976061,17.385,1.303,0.283869074219957,"retroactive","2018-06-05 12:00:00 PST"
428,432,2.85306921329758,24.5969050893294,22.14,2.287,0.291703480803973,"retroactive","2018-06-05 12:00:00 PST"
428,433,11.6505173013187,36.9453988149777,26.786,9.878,0.303737348127152,"retroactive","2018-06-05 12:00:00 PST"
428,434,11.8111205036635,30.9490848326105,27.259,55.567,0.315615165270716,"retroactive","2018-06-05 12:00:00 PST"
429,430,0.856892527130879,28.9134901295801,13.505,2.663,0.285162332937078,"retroactive","2018-06-05 12:00:00 PST"
429,431,4.1224107267541,32.5614872880903,17.974,1.237,0.288388146723531,"retroactive","2018-06-05 12:00:00 PST"
429,432,12.9921847756293,33.2353075461489,22.002,1.065,0.290692797661765,"retroactive","2018-06-05 12:00:00 PST"
429,433,18.2035877344224,40.3316628201168,27.307,10.369,0.302102787903809,"retroactive","2018-06-05 12:00:00 PST"
429,434,6.88377287418733,37.8990787808144,27.223,62.584,0.315931805437499,"retroactive","2018-06-05 12:00:00 PST"
429,435,13.7355772680251,46.1201910977424,25.895,48.039,0.323176875818839,"retroactive","2018-06-05 12:00:00 PST"
430,431,4.17179374863157,27.2845167077836,17.186,8.332,0.326609029384045,"retroactive","2018-06-05 12:00:00 PST"
430,432,5.2048825553476,30.3717964255581,22.288,5.568,0.307174659990577,"retroactive","2018-06-05 12:00:00 PST"
430,433,10.9920885389914,41.7824915589499,25.783,19.957,0.29833297895659,"retroactive","2018-06-05 12:00:00 PST"
430,434,11.6776940618447,39.1818967423539,26.958,64.131,0.309771365182538,"retroactive","2018-06-05 12:00:00 PST"
430,435,15.3568419338585,36.1759430837744,26.192,44.843,0.324096711747862,"retroactive","2018-06-05 12:00:00 PST"
430,436,7.96399341282851,36.2559242883668,23.729,33.215,0.326063811322141,"retroactive","2018-06-05 12:00:00 PST"
431,432,12.8970818556729,35.7814543094348,22.057,9.042,0.294318738226277,"retroactive","2018-06-05 12:00:00 PST"
431,433,8.30908744505321,39.6064039098454,26.244,23.357,0.292794458052267,"retroactive","2018-06-05 12:00:00 PST"
431,434,16.9887152217628,42.5547561392447,26.919,73.826,0.311089707786637,"retroactive","2018-06-05 12:00:00 PST"
431,435,13.7192363237385,35.4914220126314,26.005,57.599,0.326234143275609,"retroactive","2018-06-05 12:00:00 PST"
431,436,8.19964785609925,38.0921569439131,23.942,20.832,0.325793665764596,"retroactive","2018-06-05 12:00:00 PST"
431,437,9.22098757236998,34.475477826465,18.049,47.253,0.307973395193207,"retroactive","2018-06-05 12:00:00 PST"
432,433,11.0259025259881,42.4669866178518,27.065,4.452,0.31130954210902,"retroactive","2018-06-05 12:00:00 PST"
432,434,11.9650098308643,42.2046948919526,27.43,53.042,0.319069557763896,"retroactive","2018-06-05 12:00:00 PST"
432,435,15.1808595329448,41.3669731799483,26.265,52.347,0.324365796498268,"retroactive","2018-06-05 12:00:00 PST"
432,436,7.81501865708254,31.8212243217184,23.956,25.337,0.322786533471324,"retroactive","2018-06-05 12:00:00 PST"
432,437,3.29418002683865,29.3657315697188,17.588,31.963,0.308412498812003,"retroactive","2018-06-05 12:00:00 PST"
432,438,-4.95529603549651,26.0609322133855,10.849,15.816,0.287585552996858,"retroactive","2018-06-05 12:00:00 PST"
433,434,16.0614233297845,36.6237502189375,26.772,62.485,0.316381542884414,"retroactive","2018-06-05 12:00:00 PST"
433,435,15.1862217550574,40.0077644783558,25.41,56.634,0.323196902071743,"retroactive","2018-06-05 12:00:00 PST"
433,436,3.90527043211269,41.0415859856898,23.075,21.713,0.32304756372277,"retroactive","2018-06-05 12:00:00 PST"
433,437,3.93310528000064,31.1389322746011,17.281,43.004,0.30884372030396,"retroactive","2018-06-05 12:00:00 PST"
433,438,0.695976958677697,27.9490378778748,10.68,10.734,0.28752531315813,"retroactive","2018-06-05 12:00:00 PST"
433,439,-0.516062267751224,27.1442637894991,7.243,27.126,0.266551511905896,"retroactive","2018-06-05 12:00:00 PST"
434,435,13.5783511832264,39.8857865240371,25.931,48.703,0.286411652442452,"retroactive","2018-06-05 12:00:00 PST"
434,436,7.38179830699245,37.6256445424816,23.729,32.605,0.307041556667044,"retroactive","2018-06-05 12:00:00 PST"
434,437,1.00015022476152,33.6761943075537,17.019,21.791,0.312295177698875,"retroactive","2018-06-05 12:00:00 PST"
434,438,-9.73120750732958,11.4411190150346,9.784,9.213,0.293493790896232,"retroactive","2018-06-05 12:00:00 PST"
434,439,-5.05179750061343,25.6172239704019,6.663,36.49,0.265950742224942,"retroactive","2018-06-05 12:00:00 PST"
434,440,-1.22457746444529,27.2614457970316,6.76,29.025,0.246841438553288,"retroactive","2018-06-05 12:00:00 PST"
435,436,15.1362109889733,40.7881218754632,23.997,21.042,0.303915605451977,"retroactive","2018-06-05 12:00:00 PST"
435,437,2.39143076615987,27.6271198550918,17.771,16.143,0.310944776904169,"retroactive","2018-06-05 12:00:00 PST"
435,438,-6.95624680370167,25.1506794775595,10.978,7.714,0.293804486897911,"retroactive","2018-06-05 12:00:00 PST"
435,439,-5.3423600387848,14.9708739963805,7.029,30.154,0.266474529864801,"retroactive","2018-06-05 12:00:00 PST"
435,440,-10.3012826970581,27.8826288870475,7.516,22.665,0.246796200878257,"retroactive","2018-06-05 12:00:00 PST"
435,441,-3.18960634581612,32.705444046778,8.915,17.192,0.243410529962103,"retroactive","2018-06-05 12:00:00 PST"
436,437,8.5953135971064,33.6800061425974,17.094,13.476,0.311004887793675,"retroactive","2018-06-05 12:00:00 PST"
436,438,-5.66944508468606,29.2082594916655,10.246,14.314,0.293830428864725,"retroactive","2018-06-05 12:00:00 PST"
436,439,-9.66185779609505,17.6036667552402,6.714,38.387,0.266468334587035,"retroactive","2018-06-05 12:00:00 PST"
436,440,-6.85961775673782,19.7280523998648,6.596,48.28,0.246785689910433,"retroactive","2018-06-05 12:00:00 PST"
436,441,-8.80026007920348,23.9673822804779,8.338,17.183,0.243411019037077,"retroactive","2018-06-05 12:00:00 PST"
436,442,-5.08221328731121,28.09913958259,11.453,13.895,0.254791718394414,"retroactive","2018-06-05 12:00:00 PST"
437,438,-1.93429895369755,23.7312356680543,10.876,24.589,0.244932286581925,"retroactive","2018-06-05 12:00:00 PST"
437,439,-6.78174544643938,17.5268071835369,7.36,25.169,0.245384591768233,"retroactive","2018-06-05 12:00:00 PST"
437,440,-3.68744302576554,16.5910297041193,6.633,20.812,0.251228330627147,"retroactive","2018-06-05 12:00:00 PST"
437,441,-2.71498812437415,27.8620210780923,8.86,17.462,0.251090716231212,"retroactive","2018-06-05 12:00:00 PST"
437,442,1.46558474553091,28.4210529574579,11.749,12.691,0.253810197228775,"retroactive","2018-06-05 12:00:00 PST"
437,443,2.63824163737228,38.9294829361482,16.028,4.879,0.264339530300786,"retroactive","2018-06-05 12:00:00 PST"
438,439,-1.9212875871743,30.8673550237791,7.253,34.227,0.226943405877751,"retroactive","2018-06-05 12:00:00 PST"
438,440,-5.1799531553501,18.4182176591733,7.699,33.503,0.24315858328358,"retroactive","2018-06-05 12:00:00 PST"
438,441,-4.66466345873162,22.9590970878569,8.918,21.804,0.252529581930512,"retroactive","2018-06-05 12:00:00 PST"
438,442,-1.69294536823336,20.9578597518611,11.834,14.575,0.256462501768216,"retroactive","2018-06-05 12:00:00 PST"
438,443,1.9215272182231,28.8426124118565,16.074,2.196,0.263844530668901,"retroactive","2018-06-05 12:00:00 PST"
438,444,6.86461211795529,32.0465185115858,20.977,4.642,0.278374991270159,"retroactive","2018-06-05 12:00:00 PST"
439,440,-4.14718027071622,25.2645138483636,7.894,19.052,0.229628995923748,"retroactive","2018-06-05 12:00:00 PST"
439,441,-3.01400068229601,29.1699686876303,9.448,18.014,0.246560492024017,"retroactive","2018-06-05 12:00:00 PST"
439,442,-3.63310385807907,22.7497623763939,12.25,12.008,0.257456414971438,"retroactive","2018-06-05 12:00:00 PST"
439,443,3.42207368299374,29.9661750781822,16.413,4.54,0.265730061791616,"retroactive","2018-06-05 12:00:00 PST"
439,444,8.09373062143056,36.3758846811038,21.63,5.42,0.277949864352494,"retroactive","2018-06-05 12:00:00 PST"
439,445,14.053795175533,34.3866984688391,26.081,25.304,0.295212442100607,"retroactive","2018-06-05 12:00:00 PST"
440,441,-2.70442607734292,25.6559070141594,9.079,17.367,0.236807201533267,"retroactive","2018-06-05 12:00:00 PST"
440,442,-6.53279310267984,25.5663310799706,12.088,6.001,0.253126471025491,"retroactive","2018-06-05 12:00:00 PST"
440,443,3.8764946710732,32.7294416628852,16.279,7.151,0.266426296518895,"retroactive","2018-06-05 12:00:00 PST"
440,444,2.23557188137409,30.0292681109862,22.062,4.756,0.279310644326199,"retroactive","2018-06-05 12:00:00 PST"
440,445,8.56276983786568,34.6844322208662,26.059,19.51,0.294915117055195,"retroactive","2018-06-05 12:00:00 PST"
440,446,18.3622988754996,37.9034525118493,27.613,52.267,0.309019448446027,"retroactive","2018-06-05 12:00:00 PST"
441,442,-1.96015723484478,25.240778300039,12.226,5.839,0.237206823404505,"retroactive","2018-06-05 12:00:00 PST"
441,443,4.77161854463993,37.374277581027,16.238,3.643,0.263265498006026,"retroactive","2018-06-05 12:00:00 PST"
441,444,10.9872352279255,38.1148681901349,21.644,0.917,0.28810465676713,"retroactive","2018-06-05 12:00:00 PST"
441,445,17.33007865392,39.506411320448,27.025,3.324,0.302587481055236,"retroactive","2018-06-05 12:00:00 PST"
441,446,8.7759316502246,31.8918182203273,27.53,42.121,0.314038648865047,"retroactive","2018-06-05 12:00:00 PST"
441,447,9.37654318537339,34.2924465591115,26.13,45.807,0.313534430429895,"retroactive","2018-06-05 12:00:00 PST"
442,443,6.45233656811352,23.23741871897,16.624,10.591,0.228598654734877,"retroactive","2018-06-05 12:00:00 PST"
442,444,2.10397768744475,35.6678718653221,21.634,2.436,0.265698736061476,"retroactive","2018-06-05 12:00:00 PST"
442,445,14.0906321352795,32.2915239261598,26.293,6.542,0.291519188082608,"retroactive","2018-06-05 12:00:00 PST"
442,446,13.834752507854,37.7866585592658,27.256,44.313,0.303920525437903,"retroactive","2018-06-05 12:00:00 PST"
442,447,12.3315357867132,36.8393826484068,26.089,51.28,0.302131398575889,"retroactive","2018-06-05 12:00:00 PST"
442,448,10.5240358337486,41.0890468201432,24.051,19.1,0.293227723484632,"retroactive","2018-06-05 12:00:00 PST"
443,444,8.40476529157287,34.8231892225845,21.371,4.546,0.245090550867426,"retroactive","2018-06-05 12:00:00 PST"
443,445,16.3123972068148,47.1866324374525,26.175,5.931,0.280895929091688,"retroactive","2018-06-05 12:00:00 PST"
443,446,13.0924155370678,40.38891317134,27.69,40.412,0.301600238051819,"retroactive","2018-06-05 12:00:00 PST"
443,447,15.4777717356812,43.1711067341203,25.766,58.006,0.30098236806576,"retroactive","2018-06-05 12:00:00 PST"
443,448,6.11824457548506,34.6743312707676,24.176,17.815,0.290709329609265,"retroactive","2018-06-05 12:00:00 PST"
443,449,6.61923718876855,38.7677493293424,18.556,9.549,0.272386030953388,"retroactive","2018-06-05 12:00:00 PST"
444,445,10.6190384909035,38.4015904191468,26.523,5.993,0.308193173321913,"retroactive","2018-06-05 12:00:00 PST"
444,446,16.6393091560855,37.2341235460603,27.052,60.743,0.316534752827754,"retroactive","2018-06-05 12:00:00 PST"
444,447,9.44574357832957,41.4794158640493,26.01,52.068,0.305691540913364,"retroactive","2018-06-05 12:00:00 PST"
444,448,8.20023754328579,41.6664287003058,23.548,34.464,0.294149033302719,"retroactive","2018-06-05 12:00:00 PST"
444,449,6.65508075244262,27.052527176492,18.115,15.562,0.277023256460408,"retroactive","2018-06-05 12:00:00 PST"
444,450,-2.50175384035802,28.5601171809689,12.27,17.728,0.262545949912115,"retroactive","2018-06-05 12:00:00 PST"
445,446,15.5267178466373,33.8093514115216,27.576,50.577,0.281543185388315,"retroactive","2018-06-05 12:00:00 PST"
445,447,13.9528485631042,37.171959763452,25.723,58.788,0.286567841642547,"retroactive","2018-06-05 12:00:00 PST"
445,448,4.69118391658792,34.0986742456433,23.127,32.745,0.288797665677104,"retroactive","2018-06-05 12:00:00 PST"
445,449,0.312903755457127,30.8953219387915,18.167,18.034,0.274268073374377,"retroactive","2018-06-05 12:00:00 PST"
445,450,-5.70080836855939,28.6691672781805,11.576,14.315,0.258369044242405,"retroactive","2018-06-05 12:00:00 PST"
445,451,-4.73353032095265,24.3682385023762,7.595,38.069,0.236928167620465,"retroactive","2018-06-05 12:00:00 PST"
446,447,14.9400229105827,39.838314196253,25.907,56.571,0.264696492861964,"retroactive","2018-06-05 12:00:00 PST"
446,448,8.92632975121278,41.9042558750121,23.092,39.896,0.277669652591731,"retroactive","2018-06-05 12:00:00 PST"
446,449,-1.5382604768718,22.7772160572873,17.215,13.541,0.272441374346249,"retroactive","2018-06-05 12:00:00 PST"
446,450,-1.99808472169146,28.9230667223745,12.104,19.898,0.257829521174408,"retroactive","2018-06-05 12:00:00 PST"
446,451,-7.15359211291831,21.748740702512,7.737,23.03,0.234951875778294,"retroactive","2018-06-05 12:00:00 PST"
446,452,-12.2598800212481,28.2066323924619,7.487,14.984,0.220323717859014,"retroactive","2018-06-05 12:00:00 PST"
447,448,7.93431751436617,40.8073225720784,22.753,43.021,0.356286845866186,"retroactive","2018-06-05 12:00:00 PST"
447,449,0.535362128831152,38.1547256445705,17.205,33.099,0.318082905553787,"retroactive","2018-06-05 12:00:00 PST"
447,450,-5.47650125032433,26.6295089178034,11.213,18.972,0.278076589729099,"retroactive","2018-06-05 12:00:00 PST"
447,451,-3.89220905370006,30.4328445251356,7.518,24.359,0.250966838498201,"retroactive","2018-06-05 12:00:00 PST"
447,452,-5.54590318957639,26.5345855433571,7.557,24.506,0.237999550974722,"retroactive","2018-06-05 12:00:00 PST"
447,453,-7.24445211161066,30.3265252720773,9.315,22.285,0.235925823956315,"retroactive","2018-06-05 12:00:00 PST"
448,449,0.108896563139382,27.3414226802694,17.834,11.625,0.40588533560254,"retroactive","2018-06-05 12:00:00 PST"
448,450,-3.07684480914465,21.3250949738324,11.562,21.899,0.387699446987592,"retroactive","2018-06-05 12:00:00 PST"
448,451,-5.37870633138706,32.9118637518124,7.661,22.342,0.370069105681068,"retroactive","2018-06-05 12:00:00 PST"
448,452,-7.2067474331573,24.8639143118964,7.969,18.973,0.356404820825986,"retroactive","2018-06-05 12:00:00 PST"
448,453,-5.81910901240251,27.8320868634824,8.899,15.631,0.350934365426595,"retroactive","2018-06-05 12:00:00 PST"
448,454,-3.9809235767057,32.3685798756022,11.823,9.455,0.354715974138237,"retroactive","2018-06-05 12:00:00 PST"
449,450,-3.01530731683147,24.7558322775718,11.711,16.085,0.308424609263705,"retroactive","2018-06-05 12:00:00 PST"
449,451,-4.73241104923934,22.2627336150783,7.73,35.996,0.2508727777192,"retroactive","2018-06-05 12:00:00 PST"
449,452,-6.99325965352385,35.3467080148189,7.305,35.768,0.234888261509865,"retroactive","2018-06-05 12:00:00 PST"
449,453,-2.88575922399529,28.2999861163074,9.348,19.51,0.248664414836584,"retroactive","2018-06-05 12:00:00 PST"
449,454,-4.02580543240016,29.2370934141314,11.61,12.541,0.269021136320157,"retroactive","2018-06-05 12:00:00 PST"
449,455,-0.803730985559899,35.0371355785546,16.049,13.698,0.283683016448491,"retroactive","2018-06-05 12:00:00 PST"
450,451,-5.78329182193482,22.3431798856423,7.39,33.972,0.239932307118158,"retroactive","2018-06-05 12:00:00 PST"
450,452,-5.29360002060629,28.0673743812522,7.476,33.776,0.230122361103293,"retroactive","2018-06-05 12:00:00 PST"
450,453,-6.37666986166514,23.1329730363262,9.804,13.752,0.249535701096756,"retroactive","2018-06-05 12:00:00 PST"
450,454,6.90240195398628,24.2221166758568,12.45,7.473,0.270726962449077,"retroactive","2018-06-05 12:00:00 PST"
450,455,-0.0928709773710756,28.929286761243,16.539,1.825,0.283525543197876,"retroactive","2018-06-05 12:00:00 PST"
450,456,10.3056626194243,36.4030435501931,21.299,1.216,0.291396972422938,"retroactive","2018-06-05 12:00:00 PST"
451,452,-5.82234030716887,28.1374845409544,7.838,20.774,0.245860006711148,"retroactive","2018-06-05 12:00:00 PST"
451,453,-4.32667798102001,25.6763617001495,9.447,18.561,0.256322224605741,"retroactive","2018-06-05 12:00:00 PST"
451,454,-3.98003597868253,32.29286711874,11.492,15.322,0.269454433975979,"retroactive","2018-06-05 12:00:00 PST"
451,455,3.46709694570771,33.403208992801,16.026,7.381,0.281147368163419,"retroactive","2018-06-05 12:00:00 PST"
451,456,3.43640804513795,41.9464471001802,21.656,5.438,0.291735719318306,"retroactive","2018-06-05 12:00:00 PST"
451,457,10.8235660080885,34.5878272210388,25.958,15.93,0.304727012163042,"retroactive","2018-06-05 12:00:00 PST"
452,453,-8.91568484817483,27.2533821312672,9.361,17.924,0.256318700657808,"retroactive","2018-06-05 12:00:00 PST"
452,454,-5.10037044873688,30.6100684675195,12.633,9.61,0.269451509872021,"retroactive","2018-06-05 12:00:00 PST"
452,455,-1.29233670989517,33.525210432025,16.389,3.8,0.281146897326083,"retroactive","2018-06-05 12:00:00 PST"
452,456,0.684318617890156,33.5125394713211,21.189,6.95,0.291737740740546,"retroactive","2018-06-05 12:00:00 PST"
452,457,11.4206029510684,41.9367716360927,25.901,7.745,0.30472945938124,"retroactive","2018-06-05 12:00:00 PST"
452,458,20.2730170749546,28.4457129484638,27.034,55.421,0.317768750241759,"retroactive","2018-06-05 12:00:00 PST"
453,454,-5.18274017463563,16.1152692198563,9.361,17.924,0.269454830958727,"retroactive","2018-06-05 12:00:00 PST"
453,455,-9.00176264691012,29.3890973777612,12.633,9.61,0.281148099611044,"retroactive","2018-06-05 12:00:00 PST"
453,456,7.89637346825443,31.2917194261741,16.389,3.8,0.291736427631585,"retroactive","2018-06-05 12:00:00 PST"
453,457,13.3664425542459,30.741656412223,21.189,6.95,0.304727397867362,"retroactive","2018-06-05 12:00:00 PST"
453,458,14.062448112318,40.5563948545534,25.901,7.745,0.317767491916581,"retroactive","2018-06-05 12:00:00 PST"
453,459,10.3708015664404,31.7896557398949,27.034,55.421,0.325938206104596,"retroactive","2018-06-05 12:00:00 PST"
454,455,1.53814768376206,27.4017041476874,16.287,8.184,0.281148246464085,"retroactive","2018-06-05 12:00:00 PST"
454,456,7.24602888671677,36.2111017437768,20.933,10.183,0.291737056788931,"retroactive","2018-06-05 12:00:00 PST"
454,457,13.652324309337,37.6635104821422,25.66,21.361,0.304728212456043,"retroactive","2018-06-05 12:00:00 PST"
454,458,16.4170104114305,39.1926354903099,26.736,63.785,0.317768155332521,"retroactive","2018-06-05 12:00:00 PST"
454,459,14.2440712743156,30.7592563893386,25.639,62.357,0.325938653639386,"retroactive","2018-06-05 12:00:00 PST"
454,460,5.84090885125888,36.4400503566947,23.737,39.134,0.325254894342756,"retroactive","2018-06-05 12:00:00 PST"
455,456,3.53785438230441,34.4255748803862,16.287,8.184,0.291736023265872,"retroactive","2018-06-05 12:00:00 PST"
455,457,-0.345712169790239,32.3014300471449,20.933,10.183,0.304727365379812,"retroactive","2018-06-05 12:00:00 PST"
455,458,13.7450046649322,38.798362619509,25.66,21.361,0.317767775344846,"retroactive","2018-06-05 12:00:00 PST"
455,459,19.0328205374606,44.9196613251637,26.736,63.785,0.325938587831239,"retroactive","2018-06-05 12:00:00 PST"
455,460,17.9094573391328,34.1934068492723,25.639,62.357,0.325254795651719,"retroactive","2018-06-05 12:00:00 PST"
455,461,10.8043964497288,29.5238337862034,23.737,39.134,0.314801334171005,"retroactive","2018-06-05 12:00:00 PST"
456,457,6.267430953971,39.5011330065806,20.382,8.184,0.304727429750713,"retroactive","2018-06-05 12:00:00 PST"
456,458,9.07293737137019,34.9979015071998,23.758,22.214,0.317768049867951,"retroactive","2018-06-05 12:00:00 PST"
456,459,19.1821795038353,30.9688902843335,26.957,30.728,0.325938956151642,"retroactive","2018-06-05 12:00:00 PST"
456,460,11.2445353097503,33.2431881736781,25.055,57.382,0.325255155116125,"retroactive","2018-06-05 12:00:00 PST"
456,461,13.9885556088362,39.7186127556324,21.691,41.124,0.314801684032007,"retroactive","2018-06-05 12:00:00 PST"
456,462,1.78325712746074,31.9272505882387,19.274,27.743,0.296729503606515,"retroactive","2018-06-05 12:00:00 PST"
457,458,6.26414903609109,41.7294785100266,25.335,17.693,0.317767624983511,"retroactive","2018-06-05 12:00:00 PST"
457,459,10.2828372594785,33.1384456492502,26.819,73.918,0.325938709250145,"retroactive","2018-06-05 12:00:00 PST"
457,460,14.4814135555223,39.8058115772953,25.466,66.425,0.32525515165852,"retroactive","2018-06-05 12:00:00 PST"
457,461,10.7278912164336,32.288878269989,22.497,52.753,0.314801813011927,"retroactive","2018-06-05 12:00:00 PST"
457,462,2.50841621477908,30.7517721786187,17.018,41.508,0.29672966825085,"retroactive","2018-06-05 12:00:00 PST"
457,463,2.04840133917711,34.7999403239308,10.648,30.633,0.276704097590689,"retroactive","2018-06-05 12:00:00 PST"
458,459,18.5909485946354,27.7086977732731,26.724,80.706,0.325938549134499,"retroactive","2018-06-05 12:00:00 PST"
458,460,17.2582650721037,35.6431888470167,25.739,57.802,0.325255182110162,"retroactive","2018-06-05 12:00:00 PST"
458,461,12.5964389357126,28.333959361509,23.154,46.203,0.314802051100556,"retroactive","2018-06-05 12:00:00 PST"
458,462,9.19952812782493,41.0540644059043,17.473,51.382,0.296730006429864,"retroactive","2018-06-05 12:00:00 PST"
458,463,1.29373034067792,27.7303168149667,11.146,28.236,0.276704420837323,"retroactive","2018-06-05 12:00:00 PST"
458,464,-7.02284804137913,23.4706239944422,7.18,69.707,0.260821517947125,"retroactive","2018-06-05 12:00:00 PST"
459,460,12.5253390832258,40.2961413888091,25.394,72.493,0.325254666479008,"retroactive","2018-06-05 12:00:00 PST"
459,461,8.67753496725261,36.2299244168339,22.824,65.548,0.314801437952099,"retroactive","2018-06-05 12:00:00 PST"
459,462,7.71801147555772,30.2845438178836,17.41,52.163,0.296729412718526,"retroactive","2018-06-05 12:00:00 PST"
459,463,6.75936308675495,25.2757799377002,10.961,31.584,0.276704026791066,"retroactive","2018-06-05 12:00:00 PST"
459,464,-6.78217650864187,22.2584094843362,7.488,46.379,0.260821508015245,"retroactive","2018-06-05 12:00:00 PST"
459,465,-3.8057096418582,23.5865745551487,7.366,37.408,0.252129171817157,"retroactive","2018-06-05 12:00:00 PST"
460,461,11.4348116008457,39.1873965755112,22.33,52.499,0.314801898218137,"retroactive","2018-06-05 12:00:00 PST"
460,462,5.07090062249226,33.4935460314705,17.057,54.193,0.296730409604381,"retroactive","2018-06-05 12:00:00 PST"
460,463,-4.09724458280196,23.8780041113539,11.29,29.99,0.276704927401858,"retroactive","2018-06-05 12:00:00 PST"
460,464,-3.24725025618688,19.1441608471263,7.158,60.148,0.260821702120154,"retroactive","2018-06-05 12:00:00 PST"
460,465,-9.65789692986625,23.3609749175213,6.966,37.77,0.252128583941968,"retroactive","2018-06-05 12:00:00 PST"
460,466,-0.0219938763736183,18.3934543234231,8.5,26.516,0.252964743362219,"retroactive","2018-06-05 12:00:00 PST"
461,462,8.0347932534597,25.1676036286179,17.379,41.633,0.296731328079562,"retroactive","2018-06-05 12:00:00 PST"
461,463,-2.2031658344012,33.1252820363109,11.972,27.056,0.276707056197795,"retroactive","2018-06-05 12:00:00 PST"
461,464,-4.77938185748786,23.8411563537098,7.27,37.184,0.26082409623469,"retroactive","2018-06-05 12:00:00 PST"
461,465,-6.30174950754668,21.8664626816971,7.329,41.889,0.252130350708362,"retroactive","2018-06-05 12:00:00 PST"
461,466,-3.70293910467249,30.3677367194809,8.789,31.878,0.252965894794366,"retroactive","2018-06-05 12:00:00 PST"
461,467,-3.9737091390352,22.6021051077308,10.788,17.6,0.262870280138237,"retroactive","2018-06-05 12:00:00 PST"
462,463,-0.433194381816321,29.6047713782432,12.379,27.696,0.276703948842553,"retroactive","2018-06-05 12:00:00 PST"
462,464,-4.25450870997589,28.6056101481483,7.444,45.376,0.260821331386321,"retroactive","2018-06-05 12:00:00 PST"
462,465,-9.87865143378137,18.8133691405962,7.247,28.073,0.252128668124218,"retroactive","2018-06-05 12:00:00 PST"
462,466,-5.30419902658255,11.8572768908466,8.381,23.95,0.252964993982634,"retroactive","2018-06-05 12:00:00 PST"
462,467,2.46056270995983,21.5193316415583,11.575,20.466,0.262869520699497,"retroactive","2018-06-05 12:00:00 PST"
462,468,2.71615491678051,30.8571594022537,15.491,8.743,0.278701749551606,"retroactive","2018-06-05 12:00:00 PST"
463,464,-3.96713108876525,28.6203872840276,7.472,30.161,0.260821331700185,"retroactive","2018-06-05 12:00:00 PST"
463,465,-2.51279246494215,22.6459826785976,7.638,32.713,0.252128846178832,"retroactive","2018-06-05 12:00:00 PST"
463,466,-10.9398751424888,19.6345001409241,9.231,21.659,0.252965241315703,"retroactive","2018-06-05 12:00:00 PST"
463,467,-7.3771712020019,30.1904273793454,11.704,22.643,0.262869673259477,"retroactive","2018-06-05 12:00:00 PST"
463,468,2.92629834911145,31.1273430835662,15.529,12.677,0.27870175098992,"retroactive","2018-06-05 12:00:00 PST"
463,469,8.06431782852516,37.4503152817249,20.033,25.459,0.296850672609744,"retroactive","2018-06-05 12:00:00 PST"
464,465,-7.58251816095508,35.3388925590069,7.458,47.871,0.252128719890314,"retroactive","2018-06-05 12:00:00 PST"
464,466,-8.50437913582972,28.5176260620576,9.684,33.32,0.252965225455918,"retroactive","2018-06-05 12:00:00 PST"
464,467,-5.63605757355238,30.0732221934954,11.244,23.194,0.262869668213591,"retroactive","2018-06-05 12:00:00 PST"
464,468,0.370110307677024,28.9819580298025,14.939,26.692,0.278701629836272,"retroactive","2018-06-05 12:00:00 PST"
464,469,7.37257884297021,29.6040738838021,19.663,18.995,0.296850420129087,"retroactive","2018-06-05 12:00:00 PST"
464,470,2.19759618750051,44.1678270568877,24.87,29.897,0.31344115389105,"retroactive","2018-06-05 12:00:00 PST"
465,466,-5.07463974952623,31.5502425373338,9.444,29.78,0.252964969967061,"retroactive","2018-06-05 12:00:00 PST"
465,467,2.89532078437425,26.1418784024803,11.625,23.637,0.262869585185078,"retroactive","2018-06-05 12:00:00 PST"
465,468,-0.484969974263122,31.8651260275332,15.551,14.484,0.278701665804851,"retroactive","2018-06-05 12:00:00 PST"
465,469,7.70482940417692,26.8862602340335,20.189,19.057,0.296850429635574,"retroactive","2018-06-05 12:00:00 PST"
465,470,11.2461556769043,42.1174384298684,24.88,26.939,0.313441085991662,"retroactive","2018-06-05 12:00:00 PST"
465,471,16.373285223258,45.7614954068462,26.255,101,0.323344206597281,"retroactive","2018-06-05 12:00:00 PST"
466,467,-0.363301684045706,17.0209595470334,11.71,20.381,0.262869307734078,"retroactive","2018-06-05 12:00:00 PST"
466,468,0.880294899966076,27.0445229490429,15.532,15.629,0.278701634856793,"retroactive","2018-06-05 12:00:00 PST"
466,469,1.06554887714388,36.1506725716705,19.98,8.221,0.296850620272167,"retroactive","2018-06-05 12:00:00 PST"
466,470,8.53798506777017,39.0344197726494,25.231,15.6,0.313441322251833,"retroactive","2018-06-05 12:00:00 PST"
466,471,14.3509473790109,33.0024384647781,26.577,76.701,0.323344364751716,"retroactive","2018-06-05 12:00:00 PST"
466,472,13.3494106539301,41.328117350572,25.798,58.326,0.32460231457883,"retroactive","2018-06-05 12:00:00 PST"
467,468,-1.10623003304897,32.1735777638754,14.835,19.463,0.278701480389475,"retroactive","2018-06-05 12:00:00 PST"
467,469,2.30079634683312,34.8270152660687,19.794,16.736,0.296850740555539,"retroactive","2018-06-05 12:00:00 PST"
467,470,8.11587344029302,35.1291754146219,24.892,19.924,0.313441636698453,"retroactive","2018-06-05 12:00:00 PST"
467,471,16.4050576276093,37.7419413963778,26.286,98.423,0.323344658504911,"retroactive","2018-06-05 12:00:00 PST"
467,472,17.5280548385064,32.9889976440727,25.955,67.277,0.324602457433246,"retroactive","2018-06-05 12:00:00 PST"
467,473,8.24114044238486,35.3001266230851,23.815,36.198,0.316767824588695,"retroactive","2018-06-05 12:00:00 PST"
468,469,4.94675186869105,26.8682523761099,20.76,12.848,0.296850461299342,"retroactive","2018-06-05 12:00:00 PST"
468,470,16.6913115424707,34.8599599688699,25.064,33.715,0.313441554088077,"retroactive","2018-06-05 12:00:00 PST"
468,471,20.8199299441343,45.2841593867754,26.631,91.686,0.323344732883459,"retroactive","2018-06-05 12:00:00 PST"
468,472,14.4045890610924,44.2382209548912,25.699,70.757,0.324602532717434,"retroactive","2018-06-05 12:00:00 PST"
468,473,8.49738662448606,39.363902657866,23.908,40.135,0.316767820922842,"retroactive","2018-06-05 12:00:00 PST"
468,474,4.37182922524234,33.3692465079596,17.717,76.882,0.301324215424715,"retroactive","2018-06-05 12:00:00 PST"
469,470,10.8604454267476,36.6118513481702,24.35,40.081,0.313441200004995,"retroactive","2018-06-05 12:00:00 PST"
469,471,17.9489022657732,36.3477776152494,26.885,74.753,0.323344522880199,"retroactive","2018-06-05 12:00:00 PST"
469,472,9.47572269368244,33.6175165284373,25.941,67.751,0.324602504022461,"retroactive","2018-06-05 12:00:00 PST"
469,473,1.80014463907222,42.1649268133339,23.477,47.226,0.316767891905531,"retroactive","2018-06-05 12:00:00 PST"
469,474,11.6804374941762,32.6215580653737,17.922,80.827,0.301324333994188,"retroactive","2018-06-05 12:00:00 PST"
469,475,-0.357368615771362,32.7624334228453,11.604,44.489,0.28241257796826,"retroactive","2018-06-05 12:00:00 PST"
470,471,15.4456012236381,33.3446322710443,26.362,98.681,0.32334421349124,"retroactive","2018-06-05 12:00:00 PST"
470,472,9.60623316563786,31.6482168356023,25.86,66.489,0.324602309393414,"retroactive","2018-06-05 12:00:00 PST"
470,473,5.06083652900851,31.3370755519698,23.266,62.291,0.316767890414304,"retroactive","2018-06-05 12:00:00 PST"
470,474,12.4752779154906,35.4130764973449,18.064,89.256,0.301324491500423,"retroactive","2018-06-05 12:00:00 PST"
470,475,2.11005704413216,30.777693304286,11.102,48.073,0.282412820859433,"retroactive","2018-06-05 12:00:00 PST"
470,476,-5.02892731518144,29.4557585226667,6.836,58.238,0.26497332271802,"retroactive","2018-06-05 12:00:00 PST"
471,472,17.8528446511309,39.3886306109862,25.143,76.918,0.324602186435095,"retroactive","2018-06-05 12:00:00 PST"
471,473,9.0117259000917,35.8692780351951,22.598,70.598,0.316767840982756,"retroactive","2018-06-05 12:00:00 PST"
471,474,1.8004981089082,46.3292010698228,17.712,76.122,0.30132452913629,"retroactive","2018-06-05 12:00:00 PST"
471,475,1.2679502796073,28.2812765922222,10.953,51.876,0.282412898578275,"retroactive","2018-06-05 12:00:00 PST"
471,476,-7.01081876501962,29.3125029518866,6.822,54.732,0.264973394824038,"retroactive","2018-06-05 12:00:00 PST"
471,477,-6.66272302937166,31.2662345938029,6.413,48.285,0.253809172497604,"retroactive","2018-06-05 12:00:00 PST"
472,473,11.8484897133142,39.7417135794219,22.783,68.096,0.3167677459759,"retroactive","2018-06-05 12:00:00 PST"
472,474,7.46858084814397,39.4320019873739,17.367,78.764,0.301324469892121,"retroactive","2018-06-05 12:00:00 PST"
472,475,-3.81417251328695,26.2001006189626,11.239,42.707,0.282412857748304,"retroactive","2018-06-05 12:00:00 PST"
472,476,-1.57584928251302,29.3226262254584,7.055,88.519,0.264973350917217,"retroactive","2018-06-05 12:00:00 PST"
472,477,0.195786121468944,20.173375299054,6.536,49.411,0.253809150934165,"retroactive","2018-06-05 12:00:00 PST"
472,478,-7.19983411947951,29.162781341093,7.959,36.754,0.251050197989113,"retroactive","2018-06-05 12:00:00 PST"
473,474,3.135271358828,25.8935301110373,17.053,52.588,0.301324244724207,"retroactive","2018-06-05 12:00:00 PST"
473,475,-3.79159652174482,27.902330798056,11.084,43.601,0.282412644000119,"retroactive","2018-06-05 12:00:00 PST"
473,476,-8.92409855546307,28.0671642588397,6.89,22.059,0.264973176403469,"retroactive","2018-06-05 12:00:00 PST"
473,477,1.53310144368547,20.9872578594558,6.495,34.796,0.253809016209292,"retroactive","2018-06-05 12:00:00 PST"
473,478,-2.31092494672886,17.1242473829306,8.274,27.374,0.251050132517322,"retroactive","2018-06-05 12:00:00 PST"
473,479,-1.89774103776928,31.214856511258,11.089,25.254,0.25750752738176,"retroactive","2018-06-05 12:00:00 PST"
474,475,-3.49345239172364,26.762353887968,11.425,42.254,0.282412466542048,"retroactive","2018-06-05 12:00:00 PST"
474,476,-8.12840217162913,22.9381714510576,6.407,52.968,0.264973013580835,"retroactive","2018-06-05 12:00:00 PST"
474,477,-4.5863642084591,32.5934780195989,6.562,51.174,0.253808892514909,"retroactive","2018-06-05 12:00:00 PST"
474,478,0.14362125389558,24.478723090262,8.039,28.486,0.251050038315794,"retroactive","2018-06-05 12:00:00 PST"
474,479,-5.50206670030555,24.2023338627835,11.071,23.691,0.257507459134435,"retroactive","2018-06-05 12:00:00 PST"
474,480,0.183874324516541,22.5755126049558,15.42,13.84,0.271932791167615,"retroactive","2018-06-05 12:00:00 PST"
475,476,-4.06043902598712,34.2886002604765,6.491,44.785,0.264973029852688,"retroactive","2018-06-05 12:00:00 PST"
475,477,-2.83237963618952,25.1561824828624,6.34,42.621,0.253808962624477,"retroactive","2018-06-05 12:00:00 PST"
475,478,0.302681116376018,28.0256709836799,8.92,29.942,0.251050094139911,"retroactive","2018-06-05 12:00:00 PST"
475,479,-1.30341404526868,26.5686569937148,11.343,26.383,0.257507429437797,"retroactive","2018-06-05 12:00:00 PST"
475,480,-4.43595193862787,32.4186666700675,15.217,19.169,0.27193265775533,"retroactive","2018-06-05 12:00:00 PST"
475,481,-3.96686416748241,35.413177377381,20.44,11.066,0.289876935755851,"retroactive","2018-06-05 12:00:00 PST"
476,477,-8.87928064805248,18.3696282428687,6.607,34.073,0.253809011513227,"retroactive","2018-06-05 12:00:00 PST"
476,478,-1.28888098534106,26.0463405999496,8.864,33.939,0.251050251419356,"retroactive","2018-06-05 12:00:00 PST"
476,479,1.69582655173464,21.4244345586478,11.446,25.889,0.257507573233658,"retroactive","2018-06-05 12:00:00 PST"
476,480,4.26961982797399,29.3860008316879,15.433,16.665,0.271932658225173,"retroactive","2018-06-05 12:00:00 PST"
476,481,5.13371563980615,30.8741862395353,20.455,12.202,0.289876784673282,"retroactive","2018-06-05 12:00:00 PST"
476,482,8.16281220463389,42.5711902329946,25.747,19.631,0.307352797843049,"retroactive","2018-06-05 12:00:00 PST"
477,478,-4.15627203531615,26.5935784865224,8.578,25.158,0.251049770137694,"retroactive","2018-06-05 12:00:00 PST"
477,479,-0.576999062144568,33.2143798649275,11.115,24.129,0.257506966533877,"retroactive","2018-06-05 12:00:00 PST"
477,480,7.48993375961878,41.1516745738727,15.993,13.74,0.271932003355673,"retroactive","2018-06-05 12:00:00 PST"
477,481,9.19624807369455,35.4540522843431,20.926,14.171,0.289876122659179,"retroactive","2018-06-05 12:00:00 PST"
477,482,9.1770119933553,36.8607795703361,26.172,26.892,0.307352162549412,"retroactive","2018-06-05 12:00:00 PST"
477,483,15.1793025035721,36.8326494842433,26.748,93.103,0.320431223195792,"retroactive","2018-06-05 12:00:00 PST"
478,479,2.18703899354277,23.4042597448721,11.751,18.163,0.257507332861918,"retroactive","2018-06-05 12:00:00 PST"
478,480,-1.67689912242206,30.7432803694276,15.934,17.2,0.271932671885352,"retroactive","2018-06-05 12:00:00 PST"
478,481,8.70220394801814,30.2458137033632,20.941,9.775,0.289876917096517,"retroactive","2018-06-05 12:00:00 PST"
478,482,8.07057852202705,42.4022315135551,25.841,17.957,0.307352886588943,"retroactive","2018-06-05 12:00:00 PST"
478,483,11.5762525075885,36.5844901425123,27.484,62.468,0.32043178796948,"retroactive","2018-06-05 12:00:00 PST"
478,484,17.5353274342513,37.4539426780484,26.512,54.692,0.325082175242858,"retroactive","2018-06-05 12:00:00 PST"
479,480,-3.35748596312318,29.9982793133503,15.806,15.494,0.271933051500094,"retroactive","2018-06-05 12:00:00 PST"
479,481,4.61454585875453,38.8779488349057,20.801,23.16,0.289877828860493,"retroactive","2018-06-05 12:00:00 PST"
479,482,15.4185883457932,29.4934292494311,25.818,25.636,0.307354038305325,"retroactive","2018-06-05 12:00:00 PST"
479,483,18.8988277212919,34.5428527680359,27.032,88.183,0.320432808443877,"retroactive","2018-06-05 12:00:00 PST"
479,484,16.462488734042,34.5398369107383,26.391,58.781,0.325082934388612,"retroactive","2018-06-05 12:00:00 PST"
479,485,13.7397000059206,35.398485252216,24.218,40.899,0.320409631983259,"retroactive","2018-06-05 12:00:00 PST"
480,481,8.46885389459148,33.1407813737516,21.01,16.493,0.28987678840446,"retroactive","2018-06-05 12:00:00 PST"
480,482,10.8581079233066,40.160596488757,25.367,14.717,0.307353056592439,"retroactive","2018-06-05 12:00:00 PST"
480,483,17.6139980856126,40.6864237005158,27.558,45.078,0.320432081912455,"retroactive","2018-06-05 12:00:00 PST"
480,484,12.8019729750756,45.2859774383215,26.199,62.162,0.32508236171177,"retroactive","2018-06-05 12:00:00 PST"
480,485,9.12757465405536,41.8575162494188,24.469,29.093,0.320409038498047,"retroactive","2018-06-05 12:00:00 PST"
480,486,9.33278709123152,41.3101794544364,18.917,25.215,0.307849653014029,"retroactive","2018-06-05 12:00:00 PST"
481,482,7.14463724133237,40.8467330431016,25.857,14.998,0.307352827092155,"retroactive","2018-06-05 12:00:00 PST"
481,483,13.3055727929345,35.331177313491,27.007,65.241,0.320431940999981,"retroactive","2018-06-05 12:00:00 PST"
481,484,10.7540235234197,46.4880583813783,25.829,63.307,0.325082326946327,"retroactive","2018-06-05 12:00:00 PST"
481,485,9.1863171048741,34.999251846963,24.015,42.854,0.320409058026783,"retroactive","2018-06-05 12:00:00 PST"
481,486,3.52244389537976,35.7621691434835,18.405,22.386,0.307849695772112,"retroactive","2018-06-05 12:00:00 PST"
481,487,1.33305889896131,23.9031995854314,12.682,8.117,0.289814965073408,"retroactive","2018-06-05 12:00:00 PST"
482,483,9.38636789028239,43.2438700963785,27.436,63.131,0.320431502216434,"retroactive","2018-06-05 12:00:00 PST"
482,484,16.0829620179053,37.6856073135096,26.088,62.065,0.325081874540742,"retroactive","2018-06-05 12:00:00 PST"
482,485,13.7411478563772,40.3216656856383,23.906,35.611,0.320408777479903,"retroactive","2018-06-05 12:00:00 PST"
482,486,7.73452374868634,30.9712841170261,18.526,27.446,0.307849622081456,"retroactive","2018-06-05 12:00:00 PST"
482,487,3.19433785172853,27.3048830622856,13.042,15.366,0.2898150095036,"retroactive","2018-06-05 12:00:00 PST"
482,488,-5.12746689943903,23.1246454680586,8.526,14.934,0.271287681154422,"retroactive","2018-06-05 12:00:00 PST"
483,484,14.9163743140398,34.6407797461708,25.881,72.746,0.325081826926717,"retroactive","2018-06-05 12:00:00 PST"
483,485,8.50916203005303,26.4975686171907,23.78,49.559,0.320408656036431,"retroactive","2018-06-05 12:00:00 PST"
483,486,1.85126140224663,29.2913363664826,18.3,30.325,0.307849518688221,"retroactive","2018-06-05 12:00:00 PST"
483,487,1.26003840401686,22.5842145082732,13.393,24.402,0.289815001179756,"retroactive","2018-06-05 12:00:00 PST"
483,488,0.151131065643055,23.4195187712009,8.538,15.937,0.271287740046378,"retroactive","2018-06-05 12:00:00 PST"
483,489,-3.93140526123134,24.7758640058336,8.737,17.126,0.257434214055339,"retroactive","2018-06-05 12:00:00 PST"
484,485,11.2276001497151,31.6991751883618,23.768,50.068,0.320408958738074,"retroactive","2018-06-05 12:00:00 PST"
484,486,6.87954476739701,34.7113181297763,18.443,28.464,0.307849829375894,"retroactive","2018-06-05 12:00:00 PST"
484,487,-0.552846441059858,22.5019131488692,12.984,13.81,0.28981528310506,"retroactive","2018-06-05 12:00:00 PST"
484,488,-4.11044221918889,21.5912417825257,8.602,22.77,0.271288063428267,"retroactive","2018-06-05 12:00:00 PST"
484,489,-10.5815844282979,29.5234477699468,7.719,17.446,0.257434676431113,"retroactive","2018-06-05 12:00:00 PST"
484,490,-9.34390559776302,29.3494623033007,9.999,16.978,0.250910915237447,"retroactive","2018-06-05 12:00:00 PST"
485,486,-1.30687302036277,27.7729634462038,18.387,16.555,0.307849751783646,"retroactive","2018-06-05 12:00:00 PST"
485,487,-2.96354990698611,24.2862458075921,13.237,16.918,0.28981518260942,"retroactive","2018-06-05 12:00:00 PST"
485,488,-6.40090939956832,21.3710750464608,8.402,24.314,0.271287942784428,"retroactive","2018-06-05 12:00:00 PST"
485,489,-3.27448506515321,17.9169959461275,8.524,27.296,0.25743456093264,"retroactive","2018-06-05 12:00:00 PST"
485,490,-0.347674976747087,25.5630574237036,10.299,16.452,0.250910864885402,"retroactive","2018-06-05 12:00:00 PST"
485,491,-8.10259271972558,23.9271305560998,12.702,10.637,0.254034545302523,"retroactive","2018-06-05 12:00:00 PST"
486,487,0.656415012800903,31.5133002555796,18.387,16.555,0.289814957393031,"retroactive","2018-06-05 12:00:00 PST"
486,488,2.59798398989801,29.8364915872014,13.237,16.918,0.271287671482546,"retroactive","2018-06-05 12:00:00 PST"
486,489,-2.80274525016179,29.1792720256637,8.402,24.314,0.257434298396674,"retroactive","2018-06-05 12:00:00 PST"
486,490,-9.8965086178231,21.044927407759,8.524,27.296,0.250910643750099,"retroactive","2018-06-05 12:00:00 PST"
486,491,-1.45854567956418,26.627049882087,10.299,16.452,0.254034387561067,"retroactive","2018-06-05 12:00:00 PST"
486,492,1.68078205774616,26.9178613333758,12.702,10.637,0.265479917426406,"retroactive","2018-06-05 12:00:00 PST"
487,488,-3.52579367497422,25.1340759827146,12.406,15.583,0.271287508622825,"retroactive","2018-06-05 12:00:00 PST"
487,489,-12.3210022569481,19.1305747490717,8.083,9.632,0.257434005293646,"retroactive","2018-06-05 12:00:00 PST"
487,490,-8.47779047570942,27.4769732547323,8.888,12.403,0.250910225181891,"retroactive","2018-06-05 12:00:00 PST"
487,491,-1.59568268470758,22.7399831055731,10.477,9.897,0.254033867667422,"retroactive","2018-06-05 12:00:00 PST"
487,492,1.07150046799383,18.0025663501586,13.053,8.292,0.265479329027832,"retroactive","2018-06-05 12:00:00 PST"
487,493,4.58651526506147,23.9536482744399,16.914,3.634,0.283032141430168,"retroactive","2018-06-05 12:00:00 PST"
488,489,-10.3798324328991,21.2306620156489,8.214,7.699,0.257434568294656,"retroactive","2018-06-05 12:00:00 PST"
488,490,1.72138122546295,24.3633893058452,8.119,20.654,0.25091115960104,"retroactive","2018-06-05 12:00:00 PST"
488,491,-6.0761918090654,26.2221406914382,10.039,16.697,0.254034933474322,"retroactive","2018-06-05 12:00:00 PST"
488,492,-3.00473873534762,28.0713454995018,12.627,6.087,0.265480295400231,"retroactive","2018-06-05 12:00:00 PST"
488,493,-2.38492511887356,30.1655688608624,17.037,4.409,0.283032925818699,"retroactive","2018-06-05 12:00:00 PST"
488,494,5.94529363504395,34.4306047790144,22.071,3.801,0.301261684239478,"retroactive","2018-06-05 12:00:00 PST"
489,490,3.00463270264677,16.2882438130344,8.256,13.913,0.250910842711336,"retroactive","2018-06-05 12:00:00 PST"
489,491,-1.16439364479083,22.6853045526434,9.996,16.62,0.254034740542653,"retroactive","2018-06-05 12:00:00 PST"
489,492,-4.43221163430894,24.5691019946407,12.394,11.233,0.265480159635362,"retroactive","2018-06-05 12:00:00 PST"
489,493,-0.11939683586588,22.3234758369369,16.559,2.018,0.283032697816213,"retroactive","2018-06-05 12:00:00 PST"
489,494,0.827900521103254,39.1499091398103,21.251,5.665,0.301261338782677,"retroactive","2018-06-05 12:00:00 PST"
489,495,8.8418107379201,43.4356415843613,26.16,15.88,0.316639762316162,"retroactive","2018-06-05 12:00:00 PST"
490,491,-7.93745375376651,23.6788862477686,10,22.715,0.25403437463129,"retroactive","2018-06-05 12:00:00 PST"
490,492,1.13134342700072,33.8031980991955,12.509,10.996,0.265480007535564,"retroactive","2018-06-05 12:00:00 PST"
490,493,-0.597685650844403,19.3545086374625,16.579,3.65,0.283032742242728,"retroactive","2018-06-05 12:00:00 PST"
490,494,14.30100432084,32.8813393823509,22.033,4.479,0.301261415587201,"retroactive","2018-06-05 12:00:00 PST"
490,495,8.23501435476239,33.5847988142959,26.235,23.037,0.316639774865073,"retroactive","2018-06-05 12:00:00 PST"
490,496,23.637587916383,33.1150192670961,26.883,88.829,0.324409557672897,"retroactive","2018-06-05 12:00:00 PST"
491,492,-1.57539771279038,22.3054967609141,11.894,7.228,0.265479668422949,"retroactive","2018-06-05 12:00:00 PST"
491,493,6.45354003169301,33.9008473742932,16.4,1.722,0.283032619568453,"retroactive","2018-06-05 12:00:00 PST"
491,494,8.08449041663583,32.3963639918627,21.299,4.189,0.301261517866562,"retroactive","2018-06-05 12:00:00 PST"
491,495,15.4593776334962,34.6538983029038,25.448,13.738,0.316639948326064,"retroactive","2018-06-05 12:00:00 PST"
491,496,15.2443654988704,37.3101836376829,26.906,69.124,0.324409666577986,"retroactive","2018-06-05 12:00:00 PST"
491,497,15.420615515107,41.5186375369318,26.267,51.615,0.323269007458486,"retroactive","2018-06-05 12:00:00 PST"
492,493,-3.82731911561636,28.7049800802027,15.592,5.563,0.283032367768568,"retroactive","2018-06-05 12:00:00 PST"
492,494,1.04815329135953,31.3194860698072,21.293,9.533,0.301261405069761,"retroactive","2018-06-05 12:00:00 PST"
492,495,12.7516570415679,43.1960591143027,26.282,12.114,0.316639968404769,"retroactive","2018-06-05 12:00:00 PST"
492,496,16.3059533202904,27.9929261371188,27.65,54.13,0.324409694109167,"retroactive","2018-06-05 12:00:00 PST"
492,497,20.7259384013961,38.3845394787354,26.299,61.565,0.323268943105739,"retroactive","2018-06-05 12:00:00 PST"
492,498,10.0016295870636,34.8655150790474,24.113,34.386,0.313028553237028,"retroactive","2018-06-05 12:00:00 PST"
493,494,6.44062046785226,35.942416917611,22.004,5.597,0.301261589256398,"retroactive","2018-06-05 12:00:00 PST"
493,495,11.2690595671438,40.1173054844144,25.993,13.276,0.316640446663594,"retroactive","2018-06-05 12:00:00 PST"
493,496,13.0163205586488,39.1324568439107,26.804,71.803,0.324410270245252,"retroactive","2018-06-05 12:00:00 PST"
493,497,9.96030920991192,36.1769863538869,26.295,60.198,0.323269413066154,"retroactive","2018-06-05 12:00:00 PST"
493,498,6.75743314412716,34.8657498543392,23.781,56.943,0.313028908165059,"retroactive","2018-06-05 12:00:00 PST"
493,499,6.63608627269121,23.5613767772813,18.348,49.987,0.296857124881262,"retroactive","2018-06-05 12:00:00 PST"
494,495,11.3773495440361,44.186408575424,25.763,11.373,0.316639811872362,"retroactive","2018-06-05 12:00:00 PST"
494,496,16.8109168253126,38.3464678206748,27.132,66.406,0.324409775054208,"retroactive","2018-06-05 12:00:00 PST"
494,497,4.80048075936324,41.0103858888851,26.347,56.15,0.323269170705329,"retroactive","2018-06-05 12:00:00 PST"
494,498,9.79526641138886,43.7882770560598,23.839,41.233,0.313028838818465,"retroactive","2018-06-05 12:00:00 PST"
494,499,10.3731369567524,24.9305600753404,18.538,30.563,0.296857117485619,"retroactive","2018-06-05 12:00:00 PST"
494,500,0.329617554584171,20.9405829895458,12.074,20.427,0.277882305706212,"retroactive","2018-06-05 12:00:00 PST"
495,496,15.518897220461,32.8890739270452,27.336,58.372,0.324409497531385,"retroactive","2018-06-05 12:00:00 PST"
495,497,13.6256956172425,35.1418191679881,26.149,60.213,0.32326899978548,"retroactive","2018-06-05 12:00:00 PST"
495,498,10.4665403078865,36.3970261437955,23.921,32.062,0.313028857461261,"retroactive","2018-06-05 12:00:00 PST"
495,499,6.13928987302755,21.7713459180776,18.436,15.513,0.29685728495405,"retroactive","2018-06-05 12:00:00 PST"
495,500,-9.65561057875261,30.4763792257874,12.438,20.242,0.27788254648933,"retroactive","2018-06-05 12:00:00 PST"
495,501,-1.10883926478155,30.3348127265592,7.979,25.551,0.261521059678623,"retroactive","2018-06-05 12:00:00 PST"
496,497,14.9280279812184,33.0702803523774,26.238,59.456,0.32326921292483,"retroactive","2018-06-05 12:00:00 PST"
496,498,11.0276012853134,38.4258622727755,24.337,28.51,0.313029308805104,"retroactive","2018-06-05 12:00:00 PST"
496,499,5.36142176921557,33.9038581494021,18.52,17.669,0.296857870932344,"retroactive","2018-06-05 12:00:00 PST"
496,500,0.813627449492753,18.2233927348791,12.63,19.713,0.277883172025376,"retroactive","2018-06-05 12:00:00 PST"
496,501,-8.23711240205655,25.1739836070245,7.719,28.805,0.2615217396794,"retroactive","2018-06-05 12:00:00 PST"
496,502,1.04911961404519,31.2031524142412,8.19,30.586,0.252040974180968,"retroactive","2018-06-05 12:00:00 PST"
497,498,11.5808387009642,37.0001645092009,23.846,38.761,0.313028577606326,"retroactive","2018-06-05 12:00:00 PST"
497,499,-0.0152422229399178,30.1932402050085,18.652,19.942,0.29685694243201,"retroactive","2018-06-05 12:00:00 PST"
497,500,-2.02112427364535,30.38589984352,13.004,14.411,0.277882100908802,"retroactive","2018-06-05 12:00:00 PST"
497,501,-4.90726644154461,18.9410313081522,8.184,27.033,0.261520489689282,"retroactive","2018-06-05 12:00:00 PST"
497,502,-11.4436471482846,24.2922119537126,8.202,16.453,0.25203951910693,"retroactive","2018-06-05 12:00:00 PST"
497,503,-8.49447201025278,29.2552215195961,10.507,21.414,0.251758146103952,"retroactive","2018-06-05 12:00:00 PST"
498,499,1.63522757866844,28.2884220741125,18.497,17.961,0.2968567274605,"retroactive","2018-06-05 12:00:00 PST"
498,500,0.759049394581166,34.3080780202614,12.756,7.359,0.277881798448392,"retroactive","2018-06-05 12:00:00 PST"
498,501,-7.43731776340975,21.3025011032655,8.511,14.72,0.261520160033213,"retroactive","2018-06-05 12:00:00 PST"
498,502,-1.84916219105768,26.7063651982264,8.054,18.634,0.252039224768878,"retroactive","2018-06-05 12:00:00 PST"
498,503,0.262728507242276,21.2052341560249,10.835,5.128,0.251757934066303,"retroactive","2018-06-05 12:00:00 PST"
498,504,5.10347755436426,26.932454815931,13.414,12.195,0.260298371740517,"retroactive","2018-06-05 12:00:00 PST"
499,500,-0.0828149541910204,30.7050815560012,12.124,9.504,0.277881962540048,"retroactive","2018-06-05 12:00:00 PST"
499,501,-3.6260357114085,24.2663864161099,8.514,14.764,0.261520531498176,"retroactive","2018-06-05 12:00:00 PST"
499,502,-2.12602960396014,25.2741673828756,8.016,23.256,0.252039778409263,"retroactive","2018-06-05 12:00:00 PST"
499,503,-8.00501513503455,22.0589544542031,10.593,15.669,0.251758600293752,"retroactive","2018-06-05 12:00:00 PST"
499,504,-7.09961890174197,17.942093236982,13.125,6.648,0.260299097936306,"retroactive","2018-06-05 12:00:00 PST"
499,505,4.19254614862055,34.8629079486829,17.161,4.349,0.276181921149237,"retroactive","2018-06-05 12:00:00 PST"
