"forecast_newmoon","newmoonnumber","mintemp","maxtemp","meantemp","precipitation","ndvi","source"
403,404,-8.79966032577433,22.1091271808161,8.903,28.654,0.231024861630095,"retroactive"
403,405,1.43871868616371,26.3112650308428,11.525,17.101,0.260128929445031,"retroactive"
403,406,5.17909157326744,30.9403653679101,15.435,14.24,0.285438243943051,"retroactive"
403,407,3.0976344127221,27.8381838017486,20.061,4.936,0.300946860569218,"retroactive"
403,408,9.98230587418669,43.089589495317,25.284,13.118,0.311547170417817,"retroactive"
403,409,13.7315039017819,39.0040268734676,27.094,46.869,0.318771358579927,"retroactive"
404,405,-3.59101917520393,26.2964142410411,11.371,12.365,0.252788574503299,"retroactive"
404,406,-1.08573901768639,28.7858265983407,15.364,4.89,0.281808324428161,"retroactive"
404,407,3.21152429019769,29.8306333138965,20.833,3.22,0.30153303651985,"retroactive"
404,408,10.0905793234306,37.6014932995442,26.178,5.932,0.313588966721357,"retroactive"
404,409,15.0538373054139,32.4579043501296,27.457,57.485,0.320012214375581,"retroactive"
404,410,12.3656965364906,40.1748615541328,25.96,53.025,0.321778561192133,"retroactive"
405,406,3.78669239122186,25.3653636745525,15.776,3.748,0.285789743003337,"retroactive"
405,407,6.90953873838476,30.2018544352904,20.868,5.649,0.303498104607785,"retroactive"
405,408,13.8247929206669,34.2787327563968,26.12,3.766,0.313264279136531,"retroactive"
405,409,18.1307992115867,38.9652253273251,27.688,48.457,0.318901866617807,"retroactive"
405,410,12.9410131985188,31.3078506192688,26.396,44.294,0.321107081565769,"retroactive"
405,411,10.7200973616008,42.8058006813066,23.954,22.294,0.316797683230023,"retroactive"
406,407,6.6336727451362,31.3858744932691,20.339,4.1,0.348550462396022,"retroactive"
406,408,16.6335891049446,27.8317914393502,26.239,5.51,0.335366142222245,"retroactive"
406,409,15.7973318002074,35.4391614892384,27.585,51.933,0.314942449377851,"retroactive"
406,410,19.4463058081904,35.3310079314666,26.444,49.513,0.308221008734624,"retroactive"
406,411,5.39158323362316,39.7190482655846,24.269,19.725,0.309047575967831,"retroactive"
406,412,-0.370947200356762,34.610065909809,17.798,23.235,0.305179489326779,"retroactive"
407,408,10.0118672589312,37.5715799004845,26.699,3.232,0.348953874074435,"retroactive"
407,409,20.9624178556473,33.411139811957,27.882,45.136,0.321624332462531,"retroactive"
407,410,11.7577624963115,42.7240946529587,26.372,50.445,0.307043478188808,"retroactive"
407,411,10.7469355525512,32.1805091348609,24.35,20.251,0.305133204872054,"retroactive"
407,412,4.50133424002354,27.8957110949105,18.467,5.58,0.302791953080727,"retroactive"
407,413,-2.42495137760338,27.2407279671714,12.823,3.783,0.291681917289112,"retroactive"
408,409,15.9791120672931,38.6640827419336,27.796,41.786,0.302028346036904,"retroactive"
408,410,20.4508673483875,32.1050765773809,26.513,43.153,0.297521564440124,"retroactive"
408,411,11.2615498184714,35.74273799008,24.613,16.097,0.306938556974542,"retroactive"
408,412,2.53095247708149,25.1439866139396,18.306,2.076,0.308436040852162,"retroactive"
408,413,-11.0007776596845,29.4150417247696,13.013,0.655,0.295049538141271,"retroactive"
408,414,-9.65659097353146,34.1449202529691,8.353,1.265,0.273820768575797,"retroactive"
409,410,13.8214474210951,31.5178361638854,26.181,45.433,0.304870980412382,"retroactive"
409,411,8.29657311261805,47.9835477812704,24.568,11.248,0.310489089576697,"retroactive"
409,412,9.70069598372647,27.9144565484536,18.617,2.605,0.307722590990472,"retroactive"
409,413,-1.49039793286115,25.6835273506741,12.815,2.148,0.292906671034012,"retroactive"
409,414,-6.10715658618731,17.8931423234424,8.316,3.042,0.272556971881488,"retroactive"
409,415,-4.40571817830846,16.2739002449789,8.898,2.054,0.256928383247985,"retroactive"
410,411,9.86459145943324,38.2404829785863,23.88,16.502,0.358812606093653,"retroactive"
410,412,2.6588504507914,36.6794851988486,18.663,2.929,0.330272803289977,"retroactive"
410,413,-8.77081946223561,19.2015582596868,13.534,0.741,0.288201478362258,"retroactive"
410,414,-7.70728484700094,23.8872329068158,8.519,1.901,0.259429495274809,"retroactive"
410,415,-5.29771969967037,33.3858833533123,9.051,0.879,0.249531842807266,"retroactive"
410,416,-3.53430429814197,27.1358298041384,10.999,3.132,0.252035511373668,"retroactive"
411,412,-2.78998272814655,37.6944088268018,18.154,3.111,0.315403712529315,"retroactive"
411,413,-4.27694742042221,29.0360838782157,13.074,2.237,0.285250816587871,"retroactive"
411,414,-5.10796846560194,23.3552989329049,8.348,5.116,0.264947936857765,"retroactive"
411,415,-6.01136753187794,23.7456737261724,8.255,3.603,0.25426896450589,"retroactive"
411,416,-4.87289566339649,29.164899119056,10.457,6.013,0.252201407927267,"retroactive"
411,417,5.94103971407152,26.9935802093183,13.532,2.702,0.258233776676761,"retroactive"
412,413,-4.91201618857401,30.8929990855584,12.925,0.601,0.265555225210403,"retroactive"
412,414,-7.84947567901141,22.7325493829831,8.629,6.474,0.257105998483686,"retroactive"
412,415,-4.11792563527484,20.6953840251628,8.513,2.794,0.255174118823354,"retroactive"
412,416,-4.27223349968066,23.7872317715849,10.374,7.973,0.254406847049404,"retroactive"
412,417,-0.649515862143719,22.852824584081,13.876,1.357,0.260532788316016,"retroactive"
412,418,6.67544082587037,27.4002656759503,17.735,1.528,0.271744189516169,"retroactive"
413,414,-8.68845665994356,8.53270855742517,8.488,4.577,0.274262122819733,"retroactive"
413,415,-1.89770422361363,32.4783162868472,9.236,4.408,0.261935065255064,"retroactive"
413,416,-10.3058635982236,24.135244520099,10.578,5.211,0.253626604215424,"retroactive"
413,417,1.68722675396228,37.7214523329121,13.531,3.623,0.25860492462478,"retroactive"
413,418,-0.338661917442246,31.6907308822683,17.726,1.016,0.269785347174812,"retroactive"
413,419,10.3053278367734,39.1091702993985,22.525,1.289,0.2885058729067,"retroactive"
414,415,-1.63972558953591,21.1423848722942,8.621,3.484,0.231080298640763,"retroactive"
414,416,-2.2216363150163,23.5970047433446,10.415,7.135,0.241387820333822,"retroactive"
414,417,-1.98225484481836,24.0402847899286,13.497,5.157,0.259647068681919,"retroactive"
414,418,4.40183607379975,34.3553397006333,17.262,1.02,0.275013155054674,"retroactive"
414,419,7.59596443125449,37.7614561722006,22.266,3.555,0.291694709230021,"retroactive"
414,420,6.71065879048362,49.3454691954253,25.961,6.426,0.307159937353242,"retroactive"
415,416,-1.2800267911708,17.7934245551455,9.92,9.923,0.245265886199665,"retroactive"
415,417,2.37222062142438,22.5200633798346,12.62,19.269,0.261271228430092,"retroactive"
415,418,-2.07266796754088,33.4358450765111,16.849,21.227,0.274834531381671,"retroactive"
415,419,1.92891538170286,36.7176113270709,20.521,18.753,0.291100342111447,"retroactive"
415,420,8.35272397597541,46.3801828055487,24.496,22.208,0.306671351359579,"retroactive"
415,421,12.1131698763915,36.985257640543,26.53,23.943,0.319448472830663,"retroactive"
416,417,0.14328472353028,25.9671474075284,12.213,19.503,0.247140707483126,"retroactive"
416,418,1.52164018152159,28.6194598477554,15.76,26.489,0.26884879707441,"retroactive"
416,419,6.00918316244455,33.9441866877204,19.958,32.094,0.291823975714591,"retroactive"
416,420,8.83154800429899,39.2152843684856,22.571,31.9,0.308838368904709,"retroactive"
416,421,3.28227625961901,33.0335560381655,24.27,34.688,0.321279855228638,"retroactive"
416,422,11.0018123393798,40.4628016743621,24.345,34.87,0.32519685835993,"retroactive"
417,418,3.48487731251359,37.7265656237598,15.834,34.366,0.254868844819792,"retroactive"
417,419,2.73958964987574,32.7963268872334,18.995,27.401,0.285886353184365,"retroactive"
417,420,7.79781218282624,32.4665541205603,22.05,33.918,0.309578319842846,"retroactive"
417,421,11.7998041997628,33.9255716751712,22.931,35.349,0.323447198782333,"retroactive"
417,422,8.11889929027615,30.8102397764101,21.949,36.416,0.32703488449041,"retroactive"
417,423,5.31205720100022,23.830333524904,20.052,35.811,0.322157328824695,"retroactive"
418,419,6.2416873621072,33.4054732962401,19.417,32.145,0.265587812918424,"retroactive"
418,420,9.39007756787356,35.0660432122688,21.467,25.685,0.299132039883004,"retroactive"
418,421,6.11342681826679,32.0716997403247,22.594,31.568,0.324717571580617,"retroactive"
418,422,4.03013643555415,32.8229676984825,21.541,33.41,0.327715967969354,"retroactive"
418,423,5.30778696228931,31.0336578614365,18.191,33.197,0.325731070442001,"retroactive"
418,424,4.48055145746302,33.3658761065191,14.906,32.193,0.309003868094717,"retroactive"
419,420,9.73762649442778,32.4048926934205,22.168,21.572,0.319574682060919,"retroactive"
419,421,11.1147502195659,46.8408188640764,22.54,24.247,0.332829805254627,"retroactive"
419,422,11.362817272734,34.1798945026789,21.479,28.352,0.326878633224589,"retroactive"
419,423,2.73661472751397,35.5856145804621,18.806,29.667,0.323472897361231,"retroactive"
419,424,2.47471761497972,32.4917855751272,14.022,29.021,0.306637557451726,"retroactive"
419,425,-8.34777371906086,33.034198134315,10.335,27.874,0.294069280010295,"retroactive"
420,421,13.547460839683,36.0027829781744,23.317,26.986,0.302888862539632,"retroactive"
420,422,12.4627815193819,36.4660161443602,21.962,23.839,0.31498764647276,"retroactive"
420,423,10.6556193018417,31.9613399743814,19.036,25.864,0.32465053765785,"retroactive"
420,424,-0.774338568471312,29.6426186953293,15.476,26.273,0.309811465222911,"retroactive"
420,425,-2.21227181704602,28.011780493993,10.554,25.826,0.29743364705531,"retroactive"
420,426,-2.38142793484537,24.6894827621056,7.562,24.73,0.273563477917134,"retroactive"
421,422,9.59470676611508,33.4881110080128,22.619,28.865,0.271642503302211,"retroactive"
421,423,7.55740619782138,38.7140955854742,19.919,24.03,0.307322228204836,"retroactive"
421,424,1.23256472193568,41.5741982092653,15.94,24.489,0.311433337931686,"retroactive"
421,425,5.94240246839341,20.0604817011847,12.447,24.082,0.301956238023597,"retroactive"
421,426,-5.80077385926677,23.2099716035653,8.692,24.08,0.278427341855619,"retroactive"
421,427,-9.99579672216897,23.3529223173578,7.279,23.157,0.263274369488006,"retroactive"
422,423,11.292103779692,33.5435197950728,22.619,28.865,0.332050396139632,"retroactive"
422,424,10.9801604207436,36.7595472057887,19.919,24.03,0.321148591053165,"retroactive"
422,425,0.844678485642436,33.4676923722521,15.94,24.489,0.300965226875033,"retroactive"
422,426,-4.26209362513442,28.9359633702394,12.447,24.082,0.275735096155757,"retroactive"
422,427,-6.67495954918932,26.6326905774336,8.692,24.08,0.260532149606989,"retroactive"
422,428,-9.5241239162285,25.196937441949,7.279,23.157,0.250642268000222,"retroactive"
423,424,8.29436995094269,34.2478152195392,23.667,11.093,0.347148069517866,"retroactive"
423,425,1.05580828078234,35.1715855398445,18.072,11.777,0.311160331654651,"retroactive"
423,426,-6.06437008500098,23.4755910349449,10.894,17.766,0.274608817908371,"retroactive"
423,427,-4.6885880778559,33.7052891867051,8.328,24.316,0.257609152038257,"retroactive"
423,428,-10.9813250866189,26.5355767021266,8.156,33.782,0.247719469124594,"retroactive"
423,429,-8.95273500376937,21.3302850506702,9.857,10.088,0.25402690748823,"retroactive"
424,425,1.01668829063107,34.1848297958603,15.05,35.505,0.327531118723517,"retroactive"
424,426,-2.69405484300532,26.7604120214031,8.192,47.906,0.280991592619342,"retroactive"
424,427,-3.56578734402257,26.7408050999638,7.459,29.981,0.256844856179416,"retroactive"
424,428,-2.30144400387063,21.3891162970108,9.12,18.262,0.245846672017191,"retroactive"
424,429,-5.0666016703476,24.4795473537589,11.514,2.711,0.252177103615619,"retroactive"
424,430,0.140178352744658,27.8326804087286,14.762,0.243,0.26243552050991,"retroactive"
425,426,0.323031400436664,21.2642164455842,12.232,2.05,0.244736039413082,"retroactive"
425,427,-9.35067895682262,23.0289785924582,7.853,14.948,0.242756850299093,"retroactive"
425,428,-4.34149457581199,25.6395670958808,8.911,27.479,0.247560853658584,"retroactive"
425,429,-3.45140618556857,22.3622331203066,10.307,15.038,0.256321115383225,"retroactive"
425,430,2.68611080419725,22.1614842981923,13.241,2.678,0.266483718486954,"retroactive"
425,431,6.7321204785244,36.3003188366757,17.297,3.291,0.282566827092825,"retroactive"
426,427,-5.99258104230016,12.2633493348331,8.33,6.682,0.229390064716101,"retroactive"
426,428,-2.63767744571277,26.0388573600141,8.325,18.893,0.242464281767457,"retroactive"
426,429,-9.37712330551863,28.1066666550671,10.371,14.198,0.257070951540697,"retroactive"
426,430,-10.337513039612,33.9168005503421,13.744,2.472,0.268138457138784,"retroactive"
426,431,2.38280853708279,34.7227845923258,17.292,0.327,0.284110381807812,"retroactive"
426,432,6.87517931014003,38.9747745156392,22.317,1.464,0.298781885672646,"retroactive"
427,428,0.272567002997081,25.6980542490299,8.172,37.362,0.224569937861809,"retroactive"
427,429,-2.72272872788194,26.755728088524,10.006,23.815,0.25013870844009,"retroactive"
427,430,-1.0605518701177,21.0343628668784,12.229,6.893,0.269035158813181,"retroactive"
427,431,1.03735885621431,22.220396858178,16.431,1.866,0.286228497728145,"retroactive"
427,432,1.29490283970126,29.8983700972227,21.267,2.498,0.300820743677478,"retroactive"
427,433,14.1797712882213,43.8085029794944,26.308,10.184,0.315339899283993,"retroactive"
428,429,-5.51596358449383,23.6515926198353,10.805,8.328,0.251934633762911,"retroactive"
428,430,0.341914751304064,25.474461164127,13.463,2.964,0.269726488935852,"retroactive"
428,431,3.59706927749243,23.9436717147664,17.385,1.303,0.286147040048472,"retroactive"
428,432,9.53592762256029,28.884831836391,22.14,2.287,0.300606593783814,"retroactive"
428,433,10.1062570096009,40.9950245267577,26.786,9.878,0.315142786698409,"retroactive"
428,434,12.659510499428,36.1951850881979,27.259,55.567,0.323022449942352,"retroactive"
429,430,-6.92107965250178,27.8031439183158,13.505,2.663,0.28342121212238,"retroactive"
429,431,3.22809673694728,31.9453590616304,17.974,1.237,0.291413483865201,"retroactive"
429,432,3.35272311062676,24.9572662148443,22.002,1.065,0.299940519419477,"retroactive"
429,433,12.3609902800711,32.4062542996575,27.307,10.369,0.313513447280829,"retroactive"
429,434,13.580858494119,36.2762272932747,27.223,62.584,0.321541999556197,"retroactive"
429,435,7.70181248553124,33.896678922023,25.895,48.039,0.323756008442946,"retroactive"
430,431,-0.830216003427927,34.2375710746607,17.186,8.332,0.332297895854187,"retroactive"
430,432,3.99290956961168,31.2073560428115,22.288,5.568,0.315686521236883,"retroactive"
430,433,11.8724192111545,41.5242822224919,25.783,19.957,0.311180316618193,"retroactive"
430,434,10.478448391856,42.9539873920417,26.958,64.131,0.316430380365469,"retroactive"
430,435,8.40718440868375,45.9186167959578,26.192,44.843,0.318901926613896,"retroactive"
430,436,10.1040499189226,30.179448304678,23.729,33.215,0.314228914413083,"retroactive"
431,432,7.32009097279253,33.6964717979813,22.057,9.042,0.298198898953334,"retroactive"
431,433,13.9903420901706,36.8526463438411,26.244,23.357,0.304448497137527,"retroactive"
431,434,20.8669539895337,33.0746542824205,26.919,73.826,0.317423257118886,"retroactive"
431,435,11.744636300657,38.9636778344621,26.005,57.599,0.321052224043189,"retroactive"
431,436,7.83504943895938,34.7228043044019,23.942,20.832,0.316242513695472,"retroactive"
431,437,-0.440182801431878,29.1032162193051,18.049,47.253,0.299931561803805,"retroactive"
432,433,16.6192071300076,49.633177402174,27.065,4.452,0.320817338767064,"retroactive"
432,434,9.37419468671688,37.115219455244,27.43,53.042,0.323784182313841,"retroactive"
432,435,14.3298979606467,35.6439948729705,26.265,52.347,0.320183843842332,"retroactive"
432,436,0.525798546767996,41.5749288594265,23.956,25.337,0.314289591320568,"retroactive"
432,437,-0.877415034951421,31.6312727292668,17.588,31.963,0.29805094963336,"retroactive"
432,438,-6.31131797000432,27.8584076381395,10.849,15.816,0.282370604214545,"retroactive"
433,434,9.46621657636978,40.7342564142588,26.772,62.485,0.31406382642242,"retroactive"
433,435,9.35000813156365,31.0592199014753,25.41,56.634,0.31639965110515,"retroactive"
433,436,5.71158072140922,33.7701695542426,23.075,21.713,0.314835181590771,"retroactive"
433,437,3.04631139238838,41.8201147164144,17.281,43.004,0.299209163254091,"retroactive"
433,438,-4.67128033046944,25.0047646539667,10.68,10.734,0.283509288693576,"retroactive"
433,439,-3.7593228116723,20.893682904941,7.243,27.126,0.264275934739219,"retroactive"
434,435,14.530498003715,40.9980137194216,25.931,48.703,0.280130207944321,"retroactive"
434,436,15.0476710732493,34.0246306965783,23.729,32.605,0.300850794540217,"retroactive"
434,437,6.60895276080574,32.1791580389672,17.019,21.791,0.301291916255527,"retroactive"
434,438,-12.4699903789323,26.1695390835252,9.784,9.213,0.287932413906989,"retroactive"
434,439,-9.38376034687869,17.7202941129694,6.663,36.49,0.268502211461361,"retroactive"
434,440,-6.54360619101874,24.5226339636083,6.76,29.025,0.255981382212256,"retroactive"
435,436,11.4947347452762,37.1900683148875,23.997,21.042,0.302218083173026,"retroactive"
435,437,7.73941954860719,32.935867750566,17.771,16.143,0.301831607272955,"retroactive"
435,438,-4.34779144859372,27.1098505457095,10.978,7.714,0.28784950371209,"retroactive"
435,439,-10.8369597584281,16.10048110158,7.029,30.154,0.268331014043524,"retroactive"
435,440,-5.57045896676852,20.5774617297356,7.516,22.665,0.255799448729411,"retroactive"
435,441,-4.61553829725807,27.7543807213704,8.915,17.192,0.252009151178675,"retroactive"
436,437,3.86952055523711,35.6555665448756,17.094,13.476,0.303124589988492,"retroactive"
436,438,-1.632565766203,30.3814315640984,10.246,14.314,0.288353441010315,"retroactive"
436,439,-6.88358204767399,31.5637911192708,6.714,38.387,0.268267289603521,"retroactive"
436,440,-6.99689912702202,29.0310642448289,6.596,48.28,0.255674127752998,"retroactive"
436,441,-6.54099904834139,21.2037384160274,8.338,17.183,0.251900816997741,"retroactive"
436,442,-7.60545600520697,21.0578129435321,11.453,13.895,0.259383385754703,"retroactive"
437,438,-9.68706907617618,30.2426372393728,10.876,24.589,0.243503054651351,"retroactive"
437,439,-10.3817581032643,25.9547764116722,7.36,25.169,0.250904870296065,"retroactive"
437,440,-3.49282579160969,23.7698057205619,6.633,20.812,0.2579681130793,"retroactive"
437,441,-9.91155372915172,23.4294869837829,8.86,17.462,0.257276317836636,"retroactive"
437,442,-1.86090145812022,28.5329012209766,11.749,12.691,0.26454115034128,"retroactive"
437,443,3.52220279293989,40.7325019876124,16.028,4.879,0.274638961740743,"retroactive"
438,439,-3.94748938344367,23.098146952758,7.253,34.227,0.232893037295365,"retroactive"
438,440,-8.91805746523054,24.717841137539,7.699,33.503,0.250896719251288,"retroactive"
438,441,-0.669262620571434,27.3547414348955,8.918,21.804,0.258068602709197,"retroactive"
438,442,2.8541773034602,30.5829964108571,11.834,14.575,0.266527004155661,"retroactive"
438,443,6.71804830657413,29.0222446095446,16.074,2.196,0.276563529836251,"retroactive"
438,444,10.316112372056,41.6482795109625,20.977,4.642,0.293147808648138,"retroactive"
439,440,-3.50445366672213,22.5126615396539,7.894,19.052,0.232519572952276,"retroactive"
439,441,-0.627178800707688,22.2441709373093,9.448,18.014,0.25085862537502,"retroactive"
439,442,-1.70507307428128,30.4154117777469,12.25,12.008,0.267395255945691,"retroactive"
439,443,1.76282428993216,26.4142672368555,16.413,4.54,0.278769484601754,"retroactive"
439,444,1.86423479349661,34.0513081750705,21.63,5.42,0.295300296785117,"retroactive"
439,445,7.83850576909067,35.0144909274732,26.081,25.304,0.308554012974145,"retroactive"
440,441,-3.34464441087931,19.8153681916608,9.079,17.367,0.23863657015675,"retroactive"
440,442,0.827258701155432,27.9639762377784,12.088,6.001,0.262557079516861,"retroactive"
440,443,6.26199847842158,28.6306034671879,16.279,7.151,0.279279553388272,"retroactive"
440,444,1.58091082759146,27.1477117567259,22.062,4.756,0.296711574992603,"retroactive"
440,445,8.45862908103059,30.9008965073991,26.059,19.51,0.309960142736621,"retroactive"
440,446,15.9967556077008,41.5454048715044,27.613,52.267,0.321635717782407,"retroactive"
441,442,-3.35266188830059,36.8838790499558,12.226,5.839,0.237206823404505,"retroactive"
441,443,1.03417441514536,34.2640872432888,16.238,3.643,0.263265498006026,"retroactive"
441,444,6.11553819109067,29.676707980428,21.644,0.917,0.28810465676713,"retroactive"
441,445,6.60337216589661,34.3194085445717,27.025,3.324,0.302587481055236,"retroactive"
441,446,18.2452891705659,44.3974749828037,27.53,42.121,0.314038648865047,"retroactive"
441,447,15.6047671539766,39.6750830962552,26.13,45.807,0.313534430429895,"retroactive"
442,443,4.06098182406911,28.6877440324159,16.624,10.591,0.228598654734877,"retroactive"
442,444,7.8872313264636,36.4522407238754,21.634,2.436,0.265698736061476,"retroactive"
442,445,11.3828187685483,37.569812720876,26.293,6.542,0.291519188082608,"retroactive"
442,446,16.2710884835424,39.2745015026803,27.256,44.313,0.303920525437903,"retroactive"
442,447,16.3500581272931,31.6803948874873,26.089,51.28,0.302131398575889,"retroactive"
442,448,7.01457278968782,34.88481009341,24.051,19.1,0.293227723484632,"retroactive"
443,444,1.95157702097349,30.8916535658819,21.371,4.546,0.245090550867426,"retroactive"
443,445,10.62151493913,29.6089119002766,26.175,5.931,0.280895929091688,"retroactive"
443,446,15.348135327468,34.6425486739759,27.69,40.412,0.301600238051819,"retroactive"
443,447,13.1943434270994,36.9608557556915,25.766,58.006,0.30098236806576,"retroactive"
443,448,12.7845309947549,46.8287092573406,24.176,17.815,0.290709329609265,"retroactive"
443,449,6.39924161969948,27.4187928824984,18.556,9.549,0.272386030953388,"retroactive"
444,445,12.275811769077,39.2831359514322,26.523,5.993,0.308193173321913,"retroactive"
444,446,19.0504456931514,35.0785117960009,27.052,60.743,0.316534752827754,"retroactive"
444,447,19.4619876427222,38.7972273136361,26.01,52.068,0.305691540913364,"retroactive"
444,448,7.3677655037075,23.981196658344,23.548,34.464,0.294149033302719,"retroactive"
444,449,-3.6971953786968,36.6271792584513,18.115,15.562,0.277023256460408,"retroactive"
444,450,1.59770059116748,22.549660671354,12.27,17.728,0.262545949912115,"retroactive"
445,446,13.8748144929492,39.5673465794864,27.576,50.577,0.281543185388315,"retroactive"
445,447,16.1501836762357,33.4207693997707,25.723,58.788,0.286567841642547,"retroactive"
445,448,12.2764966421224,32.0366018387833,23.127,32.745,0.288797665677104,"retroactive"
445,449,1.15336367133919,34.0706262409767,18.167,18.034,0.274268073374377,"retroactive"
445,450,-4.88751702196728,21.8747293983023,11.576,14.315,0.258369044242405,"retroactive"
445,451,-3.86494836864267,21.4193030335851,7.595,38.069,0.236928167620465,"retroactive"
446,447,16.8648944663165,40.0052521980877,25.907,56.571,0.264696492861964,"retroactive"
446,448,8.82250121826612,38.6616239640794,23.092,39.896,0.277669652591731,"retroactive"
446,449,-0.119006393602986,24.6345316437914,17.215,13.541,0.272441374346249,"retroactive"
446,450,1.95368039067738,20.8286756976976,12.104,19.898,0.257829521174408,"retroactive"
446,451,-6.36571882934343,24.6792892667871,7.737,23.03,0.234951875778294,"retroactive"
446,452,-0.0564272457843309,22.5070848383539,7.487,14.984,0.220323717859014,"retroactive"
447,448,10.310003238031,34.556153685437,22.753,43.021,0.356286845866186,"retroactive"
447,449,3.58654640942754,29.1951588163212,17.205,33.099,0.318082905553787,"retroactive"
447,450,-1.1137598480754,27.594033884792,11.213,18.972,0.278076589729099,"retroactive"
447,451,-2.89653803555676,20.1772966928197,7.518,24.359,0.250966838498201,"retroactive"
447,452,-6.01440244281413,20.4037095110589,7.557,24.506,0.237999550974722,"retroactive"
447,453,-6.29196597534099,24.4363968660571,9.315,22.285,0.235925823956315,"retroactive"
448,449,6.32825093054483,26.0247498594532,17.834,11.625,0.372601042559904,"retroactive"
448,450,0.7267114038292,32.3899155831094,11.562,21.899,0.300666821767224,"retroactive"
448,451,-5.37970323718944,17.299354786315,7.661,22.342,0.244473049405396,"retroactive"
448,452,-7.2343296404549,20.7108617463412,7.969,18.973,0.225622786602681,"retroactive"
448,453,-10.5896825992763,28.1740904730345,8.899,15.631,0.232703050973891,"retroactive"
448,454,-0.198378550173136,31.6455627557663,11.823,9.455,0.247847245169341,"retroactive"
449,450,-7.65683516154094,22.8974727674009,11.711,16.085,0.312035324743298,"retroactive"
449,451,-1.81990399004908,33.4379633966279,7.73,35.996,0.258346270462647,"retroactive"
449,452,-2.45294971758189,22.197013320136,7.305,35.768,0.242588245608324,"retroactive"
449,453,-5.62600177742883,31.5084290282386,9.348,19.51,0.245691951392335,"retroactive"
449,454,-6.51727924740397,24.5283877078298,11.61,12.541,0.258735849117777,"retroactive"
449,455,7.10054766127791,33.0087600430825,16.049,13.698,0.271428694134784,"retroactive"
450,451,-8.41000310663379,17.4614571430587,7.39,33.972,0.244179746298114,"retroactive"
450,452,-2.8262954677875,24.6865230759802,7.476,33.776,0.237272318283021,"retroactive"
450,453,-1.88768893855974,20.5479294632077,9.804,13.752,0.246458667953321,"retroactive"
450,454,-6.73449248129192,22.2590361784272,12.45,7.473,0.259543874207873,"retroactive"
450,455,0.208740813377973,27.8876602655719,16.539,1.825,0.271328451471139,"retroactive"
450,456,4.09978578624909,38.9400017057003,21.299,1.216,0.286415180627409,"retroactive"
451,452,-7.54559160874857,21.02166798243,7.838,20.774,0.25040063637995,"retroactive"
451,453,-5.09062105416039,29.910585349316,9.447,18.561,0.251349976358013,"retroactive"
451,454,-3.43540925984502,31.4193998122258,11.492,15.322,0.258887302141677,"retroactive"
451,455,4.86226926702348,23.8921486453028,16.026,7.381,0.270707372734607,"retroactive"
451,456,9.06784686016705,31.0755617095436,21.656,5.438,0.286628237962727,"retroactive"
451,457,16.4545047271763,41.942588938441,25.958,15.93,0.304177102710532,"retroactive"
452,453,1.45281971723305,22.5701766690691,9.361,17.924,0.25135474157233,"retroactive"
452,454,-3.04313557078353,29.0693213385192,12.633,9.61,0.258894839724509,"retroactive"
452,455,1.62109464674556,27.2952026339549,16.389,3.8,0.270715873170565,"retroactive"
452,456,11.558766884114,46.7312893520366,21.189,6.95,0.286635501199016,"retroactive"
452,457,11.4638497493213,33.4129823806758,25.901,7.745,0.304183751407755,"retroactive"
452,458,11.4131569900145,35.0239745256959,27.034,55.421,0.318825084810251,"retroactive"
453,454,-10.8372805425806,19.7786715519382,9.361,17.924,0.258892925315375,"retroactive"
453,455,-4.13526608265754,21.888390880502,12.633,9.61,0.270717270974767,"retroactive"
453,456,-2.1199072768836,31.788658724303,16.389,3.8,0.286638093404526,"retroactive"
453,457,5.05419649497759,31.138794319176,21.189,6.95,0.304185672597751,"retroactive"
453,458,14.7636422202189,29.5370206635302,25.901,7.745,0.318826102850681,"retroactive"
453,459,7.89131465202225,43.1362369640046,27.034,55.421,0.325736158678119,"retroactive"
454,455,1.07113603427812,25.8280356417828,16.287,8.184,0.270715400111311,"retroactive"
454,456,3.83340814874796,35.566566032532,20.933,10.183,0.286640453765838,"retroactive"
454,457,10.626110671785,37.8612876862496,25.66,21.361,0.304190294880883,"retroactive"
454,458,13.3996872891279,36.3798431077181,26.736,63.785,0.318830256402972,"retroactive"
454,459,14.8588288357464,33.451771671174,25.639,62.357,0.325739693632491,"retroactive"
454,460,13.1486065312535,38.0225759429144,23.737,39.134,0.323658916141378,"retroactive"
455,456,5.85674904489164,28.5342030523487,16.287,8.184,0.286634536701265,"retroactive"
455,457,3.24979711158332,30.522148101589,20.933,10.183,0.304188508969452,"retroactive"
455,458,11.9891726293108,38.7644223170436,25.66,21.361,0.318830907642923,"retroactive"
455,459,10.710523207008,37.4106537216022,26.736,63.785,0.325740298738597,"retroactive"
455,460,8.2232163484151,39.014879198585,25.639,62.357,0.323658803853637,"retroactive"
455,461,7.25708650034283,38.8212167216642,23.737,39.134,0.312687699095607,"retroactive"
456,457,11.6016207964641,38.3788655476901,20.382,8.184,0.304185470101301,"retroactive"
456,458,7.08614215402607,32.6799764453307,23.758,21.756,0.318831823008382,"retroactive"
456,459,3.88807239640277,39.5023561933979,26.957,30.728,0.325743496664721,"retroactive"
456,460,11.4713953236892,36.5706834679879,25.055,57.382,0.323661456108975,"retroactive"
456,461,9.10727709455435,40.6182611432784,21.691,41.124,0.312689688523064,"retroactive"
456,462,6.97698294031548,38.64035468877,19.274,27.743,0.295392931183565,"retroactive"
457,458,12.3855026836939,36.616372943902,25.335,17.693,0.318826214416759,"retroactive"
457,459,19.3965391211084,35.9177505806452,26.819,73.918,0.325742443789888,"retroactive"
457,460,20.6975019065284,37.1872307192101,25.466,66.425,0.323662953208847,"retroactive"
457,461,12.1752692282115,46.0095932821527,22.497,52.753,0.312690948392616,"retroactive"
457,462,6.16005953883503,38.9136601582816,17.018,41.508,0.295393476374147,"retroactive"
457,463,-3.77266999049465,32.023571150114,10.648,30.633,0.276163147202702,"retroactive"
458,459,11.8829475145998,30.9238115446469,26.724,80.706,0.325737595359291,"retroactive"
458,460,14.0585595245638,36.3462748892298,25.739,57.802,0.323661610271622,"retroactive"
458,461,5.02603255296325,46.2721144087243,23.154,46.203,0.31269190187721,"retroactive"
458,462,2.03039613234752,32.8620680159763,17.473,51.382,0.295394537512219,"retroactive"
458,463,-1.75451393678887,24.9733390383187,11.146,28.236,0.27616415141064,"retroactive"
458,464,-8.96172590829677,24.5068051737606,7.18,69.707,0.260813582532877,"retroactive"
459,460,13.2333626855899,31.4465631602359,25.394,72.493,0.323655392166962,"retroactive"
459,461,14.385383824392,26.9740160994499,22.824,65.548,0.312689347763478,"retroactive"
459,462,2.44851164227877,37.8248852308692,17.41,52.163,0.295394572346162,"retroactive"
459,463,-4.00252273075693,27.4914848111037,10.961,31.584,0.276164464555475,"retroactive"
459,464,-4.91298972753093,25.2839566926965,7.488,46.379,0.260813713248949,"retroactive"
459,465,-9.56408149560912,24.1635095783105,7.366,37.408,0.251925966759392,"retroactive"
460,461,14.3504893634642,33.9555330810312,22.33,52.499,0.312686349765933,"retroactive"
460,462,7.11968533818738,23.7104119228084,17.057,54.193,0.295394582069941,"retroactive"
460,463,7.84854545741695,28.0262689303758,11.29,29.99,0.276166576453405,"retroactive"
460,464,-1.87316267453905,26.086650567508,7.158,60.148,0.260815901607379,"retroactive"
460,465,-9.58581587666385,23.7326561823063,6.966,37.77,0.251928342007566,"retroactive"
460,466,-6.87821069091717,15.2505034265856,8.5,26.516,0.252549108250256,"retroactive"
461,462,7.00659438886225,39.3735482388425,17.379,41.633,0.295390131759444,"retroactive"
461,463,-1.10508500607577,31.4272386760936,11.972,27.056,0.276166431421016,"retroactive"
461,464,-3.42265826299127,27.899896539484,7.27,37.184,0.26081838498583,"retroactive"
461,465,-5.46445630731161,27.3603050038974,7.329,41.889,0.251931091349856,"retroactive"
461,466,-7.90218924274107,27.2835918353294,8.789,31.878,0.252551839254559,"retroactive"
461,467,-6.16837962284539,26.9613801830805,10.788,17.6,0.262207622326554,"retroactive"
462,463,-0.985434544397558,27.7997761680734,12.379,27.696,0.276161128068886,"retroactive"
462,464,-4.33742450427654,26.3273356082214,7.444,45.376,0.260816037939968,"retroactive"
462,465,-4.60245372065212,26.6573120630408,7.247,28.073,0.251930819736486,"retroactive"
462,466,-5.85752466478058,30.7065737760743,8.381,23.95,0.252551578890891,"retroactive"
462,467,0.444153453956012,30.6873255348641,11.575,20.466,0.262207351610819,"retroactive"
462,468,4.91888788128954,29.9281976727252,15.491,8.743,0.278197576911108,"retroactive"
463,464,-3.48676752592317,23.3535587133079,7.472,30.161,0.26081096043233,"retroactive"
463,465,-5.14712362188149,19.5751168226063,7.638,32.713,0.251931779398071,"retroactive"
463,466,-6.56983228931107,27.3216391790293,9.231,21.659,0.252556073424979,"retroactive"
463,467,4.58852596725466,27.2700676823266,11.704,22.643,0.26221232324836,"retroactive"
463,468,6.31537486060435,28.1242550878215,15.529,12.677,0.278202124300622,"retroactive"
463,469,2.37310632619899,33.9015693993694,20.033,25.459,0.296498404518111,"retroactive"
464,465,-12.7499635374007,25.9447985892881,7.458,47.871,0.251924373180999,"retroactive"
464,466,-1.51290973229236,30.4310686495631,9.684,33.32,0.252553373367241,"retroactive"
464,467,-5.90282939772828,19.7307331442393,11.244,23.194,0.262212796700882,"retroactive"
464,468,1.517243658601,25.7877501339245,14.939,26.692,0.278202486256427,"retroactive"
464,469,6.72938322587926,36.4165158780538,19.663,18.995,0.29649813651644,"retroactive"
464,470,11.4149223816585,44.9538628424553,24.87,29.897,0.313385524236956,"retroactive"
465,466,-5.51886197336561,29.5941835006458,9.444,29.78,0.252543204887104,"retroactive"
465,467,0.886749843523559,23.8361828008025,11.625,23.637,0.262208512388931,"retroactive"
465,468,-2.30750132570983,34.0096985332647,15.551,14.484,0.278201732697529,"retroactive"
465,469,5.85103090659765,26.4606818794626,20.189,19.057,0.296496980707254,"retroactive"
465,470,10.2928824132522,35.5723004934678,24.88,26.939,0.313383429895656,"retroactive"
465,471,12.2807878694238,35.4900168008966,26.255,101,0.323356914551857,"retroactive"
466,467,0.613168069117717,27.6866325980488,11.71,20.381,0.262200046291963,"retroactive"
466,468,-0.686146517482548,25.7370960519279,15.532,15.629,0.278199603264945,"retroactive"
466,469,7.99748394126812,27.4354789784511,19.98,8.221,0.296498776680485,"retroactive"
466,470,4.83773497596844,43.3348035021327,25.231,15.6,0.313384863508855,"retroactive"
466,471,17.3230166418058,35.7409105080915,26.577,76.701,0.323357502246311,"retroactive"
466,472,17.074617159228,28.4392345482399,25.798,58.326,0.324743486260385,"retroactive"
467,468,0.10140830691622,28.5276607424382,14.835,19.463,0.278187901060251,"retroactive"
467,469,7.93471694774906,32.6836467210944,19.794,16.736,0.296494433471859,"retroactive"
467,470,6.09470239899584,31.5812675918505,24.892,19.924,0.313385522179405,"retroactive"
467,471,24.5641866006282,34.4046681106674,26.286,98.423,0.323358130712904,"retroactive"
467,472,11.3505103804548,32.7398931301132,25.955,67.277,0.32474340007419,"retroactive"
467,473,10.1773679285323,28.3555128143549,23.815,36.198,0.31685836258114,"retroactive"
468,469,3.60767251339801,25.6492397024774,20.76,12.848,0.29645926720506,"retroactive"
468,470,11.2359330729973,32.5912731110816,25.064,33.715,0.313341461990857,"retroactive"
468,471,15.5403450051621,35.7740488500505,26.631,91.686,0.323314830856356,"retroactive"
468,472,9.16795898601498,32.7170038895831,25.699,70.757,0.324706415164589,"retroactive"
468,473,10.38721404807,34.0957131516818,23.908,40.135,0.316824887186099,"retroactive"
468,474,5.44418146710262,34.0078271774762,17.717,76.882,0.301432133021256,"retroactive"
469,470,9.6752099740345,28.7056009031802,24.35,40.081,0.313349416894409,"retroactive"
469,471,12.4195883974098,44.1445258562348,26.885,74.753,0.323317417914903,"retroactive"
469,472,18.2905899509624,35.9191618313691,25.941,67.751,0.324705536274565,"retroactive"
469,473,10.8223251480102,41.6852867550084,23.477,47.226,0.316824131565017,"retroactive"
469,474,6.52292493240524,33.684696868378,17.922,80.827,0.301432035826945,"retroactive"
469,475,4.9653051530229,22.1296795167927,11.604,44.489,0.282422060417741,"retroactive"
470,471,16.863340517746,32.3852151034138,26.362,98.681,0.323325205055116,"retroactive"
470,472,8.78155407174859,32.9152495257174,25.86,66.489,0.324708281652601,"retroactive"
470,473,12.3895434478219,34.2715229478666,23.266,62.291,0.316823535433176,"retroactive"
470,474,8.05434818594936,34.2347440331231,18.064,89.256,0.301431449614997,"retroactive"
470,475,0.378445258430456,28.1967555591746,11.102,48.073,0.282421894857706,"retroactive"
470,476,-3.82256272488338,29.3475296219794,6.836,58.238,0.264965667237342,"retroactive"
471,472,15.7341411695302,35.9252819938641,25.143,76.918,0.324715856247082,"retroactive"
471,473,13.0450516041471,34.4145125095967,22.598,70.598,0.316826345670723,"retroactive"
471,474,2.11323038603075,31.5265106698344,17.712,76.122,0.301430950355595,"retroactive"
471,475,2.04949234035242,31.1310235567155,10.953,51.876,0.282421229980159,"retroactive"
471,476,-3.27369935859018,19.9006964790942,6.822,54.732,0.26496516309568,"retroactive"
471,477,-2.95136061804545,28.7986222795231,6.413,48.285,0.25365650763944,"retroactive"
472,473,19.9087627732238,37.624423771775,22.783,68.096,0.316832894172382,"retroactive"
472,474,5.51133996942422,23.6328539460834,17.367,78.764,0.301433215236392,"retroactive"
472,475,0.168307836277313,33.579701113661,11.239,42.707,0.282420568446532,"retroactive"
472,476,-1.01577152893959,27.1503693975991,7.055,88.519,0.264964403414419,"retroactive"
472,477,-3.61847422017731,29.6002369191675,6.536,49.411,0.253656058187286,"retroactive"
472,478,-1.69291854271265,29.6346361632621,7.959,36.754,0.250857995521333,"retroactive"
473,474,3.06369321150167,22.2595592516984,17.053,52.588,0.301439219199786,"retroactive"
473,475,1.9138387809325,32.3923424286542,11.084,43.601,0.282422636826211,"retroactive"
473,476,-4.77762425331572,23.4261125370182,6.89,22.059,0.264964025774756,"retroactive"
473,477,-9.75420322069288,31.2392294588091,6.495,34.796,0.253655855066335,"retroactive"
473,478,-9.01140926449883,25.4525783060232,8.274,27.374,0.250858344680706,"retroactive"
473,479,-1.84102426090636,26.6580156721899,11.089,25.254,0.257212208358233,"retroactive"
474,475,-8.70002945720774,29.4323577193904,11.425,42.254,0.282443428012933,"retroactive"
474,476,-1.88759465082544,30.6766772450908,6.407,52.968,0.26499253476451,"retroactive"
474,477,-2.03733879378854,33.4335612039884,6.562,51.174,0.253689201363293,"retroactive"
474,478,-7.91255184180317,32.3046189101624,8.039,28.486,0.250894194848782,"retroactive"
474,479,-1.76753168716311,26.7919073181263,11.071,23.691,0.257251871904318,"retroactive"
474,480,6.58380633447252,23.0570497713354,15.42,13.84,0.271722758532653,"retroactive"
475,476,-2.62813011101652,22.4649636853511,6.491,44.785,0.264972499596702,"retroactive"
475,477,-6.59342613778887,28.2235892768173,6.34,42.621,0.253658745197072,"retroactive"
475,478,-4.19815422340633,20.5689921337604,8.92,29.942,0.250859118698584,"retroactive"
475,479,-1.97314479861115,32.4839422069436,11.343,26.383,0.257213197092207,"retroactive"
475,480,-1.44727523499339,24.3746113761408,15.217,19.169,0.271682344240605,"retroactive"
475,481,4.47593009597137,38.3957891581882,20.44,11.066,0.289631955385606,"retroactive"
476,477,0.564620815145283,26.3628660027557,6.607,34.073,0.253663703929215,"retroactive"
476,478,-3.43523815582117,27.0734399845676,8.864,33.939,0.250860207572988,"retroactive"
476,479,-1.72415520851664,32.0329358886267,11.446,25.889,0.257211833564947,"retroactive"
476,480,-1.47310286377573,18.2145287300458,15.433,16.665,0.271680997141357,"retroactive"
476,481,4.43879629471794,34.2518016093724,20.455,12.202,0.289631039022341,"retroactive"
476,482,5.59830293462593,35.1661213531311,25.747,19.631,0.307238431449647,"retroactive"
477,478,-7.89648884122416,22.3091891389508,8.578,25.158,0.250884308007024,"retroactive"
477,479,-3.51882432106512,20.2069777757316,11.115,24.129,0.257247488166687,"retroactive"
477,480,-0.302517469222324,32.3263091716961,15.993,13.74,0.271720314431275,"retroactive"
477,481,9.01472771440787,39.5332861762588,20.926,14.171,0.289670928271006,"retroactive"
477,482,17.006707244182,36.5529361376505,26.172,26.892,0.307276581174566,"retroactive"
477,483,24.2774367875383,37.0761840600097,26.748,93.103,0.320419773426185,"retroactive"
478,479,5.19645118726631,24.7426999953775,11.751,18.163,0.257220940642279,"retroactive"
478,480,-1.4237485664106,22.7333035432495,15.934,17.2,0.27168288723759,"retroactive"
478,481,4.25087080638184,27.0635773097184,20.941,9.775,0.289630234364689,"retroactive"
478,482,10.0837202816539,35.5216175263395,25.841,17.957,0.307238507189019,"retroactive"
478,483,12.0121712982842,35.3044156734384,27.484,62.468,0.320384288693313,"retroactive"
478,484,22.0949578528383,36.2529645822039,26.512,54.692,0.325165694310175,"retroactive"
479,480,2.35579327706423,26.6194369461283,15.806,15.494,0.271691003683905,"retroactive"
479,481,6.38059073595804,33.5584556899505,20.801,23.16,0.289633010143347,"retroactive"
479,482,9.63013714061265,41.995504081402,25.818,25.636,0.307237766895255,"retroactive"
479,483,16.6440915120643,36.8666238218373,27.032,88.183,0.320383602984353,"retroactive"
479,484,18.9557213965396,34.4930579289658,26.391,58.781,0.325165580492724,"retroactive"
479,485,8.76280089030694,42.6962893531397,24.218,40.899,0.320514537025382,"retroactive"
480,481,1.6636294751833,32.0161417077607,21.01,16.493,0.289641440884494,"retroactive"
480,482,15.3648594135298,41.3935603403172,25.367,14.717,0.307240681361435,"retroactive"
480,483,7.87967124427548,42.6853219995099,27.558,45.078,0.320382795844912,"retroactive"
480,484,11.9092054380366,39.1853870135598,26.199,62.162,0.325164816183469,"retroactive"
480,485,10.3932437431493,36.307239710233,24.469,29.093,0.320514375955828,"retroactive"
480,486,5.68957743088456,31.8930194690976,18.917,25.215,0.308000352194159,"retroactive"
481,482,10.7602449713981,38.4863589652932,25.857,14.998,0.30724968477541,"retroactive"
481,483,16.4180430433853,25.2062056287071,27.007,65.241,0.320386171454768,"retroactive"
481,484,11.2303065462195,42.0222213585152,25.829,63.307,0.325164473871203,"retroactive"
481,485,11.1085196914973,35.8352417492777,24.015,42.854,0.32051408517982,"retroactive"
481,486,7.76658943940385,34.0359709526909,18.405,22.386,0.308000756362243,"retroactive"
481,487,-3.52477295576238,26.9751471585672,12.682,8.117,0.28988975640595,"retroactive"
482,483,11.5387385113535,43.1098148615547,27.436,63.131,0.320394168310495,"retroactive"
482,484,20.8332356260107,32.0986595278241,26.088,62.065,0.325167001967542,"retroactive"
482,485,7.46820817778208,35.3113701612209,23.906,35.611,0.320513074824453,"retroactive"
482,486,4.24944408477846,32.2476101554954,18.526,27.446,0.307999830105418,"retroactive"
482,487,-0.740813985909143,23.6651286500122,13.042,15.366,0.289889381187645,"retroactive"
482,488,-3.18436541012362,18.2440226736127,8.526,14.934,0.271310210720169,"retroactive"
483,484,13.2624895978196,35.1884152695422,25.881,72.746,0.325175579481719,"retroactive"
483,485,9.82015104885123,33.5889680146949,23.78,49.559,0.320516584277558,"retroactive"
483,486,6.13215801504197,36.213624448712,18.3,30.325,0.3079998405164,"retroactive"
483,487,-6.49406571179461,28.8574829076828,13.393,24.402,0.289889211020789,"retroactive"
483,488,0.826042599912655,17.7935464142094,8.538,15.937,0.271310373842488,"retroactive"
483,489,-6.73162173925515,29.5154860334142,8.737,17.126,0.257323340876489,"retroactive"
484,485,13.2032133113831,43.5221534991085,23.768,50.068,0.320523353369487,"retroactive"
484,486,4.09354365510923,33.8320018213768,18.443,28.464,0.308001956914059,"retroactive"
484,487,0.954591180165386,26.9447371339681,12.984,13.81,0.289888202916923,"retroactive"
484,488,-4.95277896908765,24.4059592198037,8.602,22.77,0.271309187278942,"retroactive"
484,489,-3.38265261114035,26.4624202995319,7.719,17.446,0.257322418358953,"retroactive"
484,490,-0.421756646466019,30.3316357489422,9.999,16.978,0.250727607639348,"retroactive"
485,486,5.91115214965099,33.8261808864792,18.387,16.555,0.308008514415782,"retroactive"
485,487,-1.05765212173193,35.0089407971459,13.237,16.918,0.289890591162981,"retroactive"
485,488,-8.71310856706263,28.0391709399892,8.402,24.314,0.271308820721091,"retroactive"
485,489,-0.469173020311673,22.8011408308534,8.524,27.296,0.257322079220502,"retroactive"
485,490,-11.881873976867,26.9562403972563,10.299,16.452,0.250727676670834,"retroactive"
485,491,-1.8365613757682,32.6092959072421,12.702,10.637,0.253752824914667,"retroactive"
486,487,8.60308670766576,34.5670243536268,18.387,16.555,0.289896522636013,"retroactive"
486,488,-0.693905466709196,23.9640730443838,13.237,16.918,0.271311241447522,"retroactive"
486,489,-5.56682960628621,22.5263750160207,8.402,24.314,0.257322167221303,"retroactive"
486,490,-4.22388163770698,23.7735083013683,8.524,27.296,0.250727852727944,"retroactive"
486,491,-1.970868539678,27.1021957249904,10.299,16.452,0.253753302717665,"retroactive"
486,492,-2.81847799695557,31.5067817947789,12.702,10.637,0.265205059667953,"retroactive"
487,488,-3.79783257083025,27.7335461608979,12.406,15.583,0.271317192807842,"retroactive"
487,489,-3.76749401433389,21.4783150251307,8.083,9.632,0.257324590822287,"retroactive"
487,490,-1.5822342409109,21.4225085703136,8.888,12.403,0.250727854738112,"retroactive"
487,491,-5.92488237440068,26.6999376858389,10.477,9.897,0.253753195070668,"retroactive"
487,492,-0.918873943456815,25.1283572414389,13.053,8.292,0.265205116301788,"retroactive"
487,493,0.69018633388912,21.1063014506471,16.914,3.634,0.282763363720854,"retroactive"
488,489,-3.06788142227725,22.3830450592254,8.214,7.699,0.257330371370701,"retroactive"
488,490,-9.99990356983592,22.2205551250057,8.119,20.654,0.250730308002136,"retroactive"
488,491,-2.27386581109001,17.679601112306,10.039,16.697,0.253753384699188,"retroactive"
488,492,-6.30013397201157,28.0863993093318,12.627,6.087,0.265205379652883,"retroactive"
488,493,4.36443537251079,24.0629446078689,17.037,4.409,0.282763944704592,"retroactive"
488,494,3.93253939231115,34.0105789373802,22.071,3.801,0.301092216746396,"retroactive"
489,490,-6.24277151852204,23.9592545082292,8.256,13.913,0.250736360569668,"retroactive"
489,491,-5.93881766365485,26.1173148381918,9.996,16.62,0.253755398123657,"retroactive"
489,492,0.65053735399552,29.0258564215269,12.394,11.233,0.265204832418331,"retroactive"
489,493,6.84261830026292,36.4732458056,16.559,2.018,0.282763585722212,"retroactive"
489,494,6.2958928501556,34.5291792024801,21.251,5.665,0.301092436770566,"retroactive"
489,495,14.3947419221006,44.1187360116103,26.16,15.88,0.316549690207456,"retroactive"
490,491,-1.46733866368278,20.5243511879038,10,22.715,0.253762015800618,"retroactive"
490,492,1.30089464023044,30.1635985322252,12.509,10.996,0.265206992201244,"retroactive"
490,493,-0.890418966497034,29.3803010044835,16.579,3.65,0.282762968515466,"retroactive"
490,494,2.38377001069431,41.8239895963533,22.033,4.479,0.301092105042499,"retroactive"
490,495,6.96376396842367,35.9502924647941,26.235,23.037,0.316549995920263,"retroactive"
490,496,14.8015112109386,32.0099834051051,26.883,88.829,0.324441520847846,"retroactive"
491,492,-3.80249818045813,24.4625357288596,11.894,7.228,0.265215125056016,"retroactive"
491,493,-1.2444678875836,31.2022286624263,16.4,1.722,0.282765892725547,"retroactive"
491,494,2.12843982895778,36.6126396681698,21.299,4.189,0.301091615001262,"retroactive"
491,495,10.4963995425904,45.4192740392881,25.448,13.738,0.316549595420881,"retroactive"
491,496,13.326520259884,45.2816196777045,26.906,69.124,0.324441681349607,"retroactive"
491,497,14.3475296243516,44.9451916094462,26.267,51.615,0.323352812495465,"retroactive"
492,493,-2.00057200293258,28.9021762571944,15.592,5.563,0.28277418579645,"retroactive"
492,494,11.8375668185134,36.0417134199325,21.293,9.533,0.30109431579747,"retroactive"
492,495,11.5696931089593,26.6785534894895,26.282,12.114,0.316548604519751,"retroactive"
492,496,17.6431206503912,41.4392762232368,27.65,54.13,0.324440758098803,"retroactive"
492,497,11.6178442158036,39.1717859548075,26.299,61.565,0.323352515569304,"retroactive"
492,498,12.6325544278443,35.6248139714713,24.113,34.386,0.313163750996099,"retroactive"
493,494,13.9709605066072,22.8586700444348,22.004,5.597,0.30110350314303,"retroactive"
493,495,11.8123670092321,33.4874310493441,25.993,13.276,0.316551927116115,"retroactive"
493,496,10.7157806724002,42.9497697384624,26.804,71.803,0.324440183650242,"retroactive"
493,497,16.4379686903575,29.2475296061741,26.295,60.198,0.323351996332044,"retroactive"
493,498,10.6277457064744,24.0471867074828,23.781,56.943,0.313163942499292,"retroactive"
493,499,4.85458955350873,25.4585207296949,18.348,49.987,0.296950201231538,"retroactive"
494,495,15.8438361184119,41.1818661974122,25.763,11.373,0.316560476707962,"retroactive"
494,496,17.5120776744368,28.2992461105473,27.132,66.406,0.324443168826456,"retroactive"
494,497,17.0583504925747,48.5169607689626,26.347,56.15,0.323351338543279,"retroactive"
494,498,12.7538654641638,30.3958495356278,23.839,41.233,0.313163415630066,"retroactive"
494,499,8.70571276974077,30.9917694304506,18.538,30.563,0.296950298606728,"retroactive"
494,500,-3.45811633343236,28.3534970718589,12.074,20.427,0.277924027241612,"retroactive"
495,496,8.23588484948955,39.8742457832963,27.336,58.372,0.324451593845224,"retroactive"
495,497,12.2150474982823,31.6623057081427,26.149,60.213,0.323354367040198,"retroactive"
495,498,6.88133769026333,35.9840620927271,23.921,32.062,0.313162830174677,"retroactive"
495,499,6.98207898464155,31.7434031898754,18.436,15.513,0.29694967627031,"retroactive"
495,500,-4.78586786371163,20.8220166835421,12.438,20.242,0.277923793419667,"retroactive"
495,501,-5.37517005829578,21.2268399010434,7.979,25.551,0.261442679807318,"retroactive"
496,497,11.3358429398274,36.2414058129138,26.238,59.456,0.323361985283389,"retroactive"
496,498,3.52546654435616,37.1381795169336,24.337,28.51,0.313165763700048,"retroactive"
496,499,3.4064752632424,26.3126569142188,18.52,17.669,0.29694934884471,"retroactive"
496,500,1.28256105949178,23.9633683337562,12.63,19.713,0.277923306868923,"retroactive"
496,501,-3.97376661634041,21.1700297093948,7.719,28.805,0.261442479076835,"retroactive"
496,502,-6.647486657705,23.3474502551924,8.19,30.586,0.251873479516052,"retroactive"
497,498,14.9068244711621,41.5644368342189,23.846,38.761,0.313172580274598,"retroactive"
497,499,9.0004727545391,32.5074261213905,18.652,19.942,0.296952050280842,"retroactive"
497,500,1.33625369961165,32.276008904348,13.004,14.411,0.277923222768925,"retroactive"
497,501,-5.09777352107549,25.1179551400663,8.184,27.033,0.261442377627388,"retroactive"
497,502,-2.80194538553865,25.8043003624543,8.202,16.453,0.251873792607022,"retroactive"
497,503,-7.56771451963358,28.9877800506968,10.507,21.414,0.251495492773821,"retroactive"
498,499,3.84330039096028,39.4590822335701,18.497,17.961,0.296957515348096,"retroactive"
498,500,-6.5282284904882,25.2029742880161,12.756,7.359,0.277925207966822,"retroactive"
498,501,-2.86516156929916,25.7038007447204,8.511,14.72,0.261442087452983,"retroactive"
498,502,-7.82420399629532,19.7775750160543,8.054,18.634,0.251873552931138,"retroactive"
498,503,-7.54598604574481,30.3013234060254,10.835,5.128,0.251495549248844,"retroactive"
498,504,0.00829364962688606,32.6969025671424,13.414,12.195,0.260012817910801,"retroactive"
499,500,-2.48553953313605,30.7658598420059,12.124,9.504,0.277931066711867,"retroactive"
499,501,-0.202202646980879,32.3114937484085,8.514,14.764,0.2614451496924,"retroactive"
499,502,-4.67696570062691,19.8675113629777,8.016,23.256,0.251875214143225,"retroactive"
499,503,-2.75863251760358,30.9909242199024,10.593,15.669,0.251498092675423,"retroactive"
499,504,-1.13318580899662,29.3824949901852,13.125,6.648,0.260016372628365,"retroactive"
499,505,3.18435995734647,23.4349590282625,17.161,4.349,0.275896929525888,"retroactive"
